Artist,Artist Popularity,Artist Followers,Song Name,Year,Explicit,Popularity,Valence,Loudness,Danceability,Energy
Noizy,63,586508,Toto (feat. RAF Camora),2018,True,64,0.574,-7.353,0.764,0.683
Noizy,63,586508,Kallma (feat. Dhurata Dora),2023,False,61,0.85,-6.746,0.741,0.69
Noizy,63,586508,Hapa,2023,False,58,0.588,-4.251,0.78,0.722
Noizy,63,586508,Ne Fund te Botes,2023,True,60,0.663,-5.662,0.849,0.752
Noizy,63,586508,Medalioni,2023,False,55,0.536,-5.11,0.74,0.644
Noizy,63,586508,Who Want Something,2020,True,56,0,-4.78,0,0.784
Noizy,63,586508,16 Bars,2023,True,55,0.736,-4.164,0.875,0.814
Noizy,63,586508,Yalla,2023,True,53,0.707,-5.96,0.832,0.483
Noizy,63,586508,Jena Mbreter 2,2023,True,53,0.588,-4.092,0.775,0.838
Noizy,63,586508,Kontroll,2023,True,52,0.807,-7.076,0.554,0.636
Noizy,63,586508,Jena Mbreter 2,2023,True,53,0.588,-4.092,0.775,0.838
Noizy,63,586508,My All,2023,True,50,0.471,-8.649,0.557,0.596
Noizy,63,586508,0tr Me Zemer,2009,False,49,0.579,-7.835,0.581,0.806
Noizy,63,586508,Do ku Do,2023,True,52,0.828,-6.315,0.77,0.685
Noizy,63,586508,Ti Ti,2021,False,48,0.227,-6.081,0.721,0.531
Noizy,63,586508,TUNDE,2021,False,46,0.727,-6.396,0.76,0.747
Noizy,63,586508,Location,2023,True,55,0.444,-10.641,0.753,0.528
Noizy,63,586508,Fatos NANO,2023,True,45,0.61,-7.648,0.741,0.7
Noizy,63,586508,Fatos NANO,2022,False,47,0.618,-7.652,0.728,0.698
Noizy,63,586508,Gunz Up,2013,False,48,0.397,-3.983,0.597,0.866
Noizy,63,586508,Midis Tirone,2016,True,45,0.326,-8.952,0.579,0.598
Noizy,63,586508,Location,2023,True,57,0.444,-10.641,0.753,0.528
Noizy,63,586508,E du E Marr,2023,True,44,0.831,-5.935,0.756,0.801
Noizy,63,586508,Nuk kan besu,2019,False,44,0.636,-4.396,0.92,0.864
Noizy,63,586508,Jena Mbreter,2009,False,46,0.872,-5.678,0.525,0.639
Noizy,63,586508,I Lumtur,2023,True,43,0.735,-7.963,0.846,0.532
Noizy,63,586508,All In,2023,True,46,0.891,-10.49,0.761,0.449
Noizy,63,586508,Pa mu,2021,False,43,0.845,-5.404,0.826,0.737
Noizy,63,586508,Kallabllak,2020,True,45,0.699,-7.728,0.498,0.658
Noizy,63,586508,A Don Love?,2018,False,46,0.435,-11.848,0.689,0.499
Dafina Zeqiri,61,277332,My Love,2023,False,66,0.533,-5.198,0.575,0.66
Dafina Zeqiri,61,277332,SI MUA,2023,False,65,0.625,-4.722,0.484,0.498
Dafina Zeqiri,61,277332,Drama,2023,True,61,0.596,-5.274,0.771,0.831
Dafina Zeqiri,61,277332,Huti,2024,False,60,0.395,-5.714,0.804,0.735
Dafina Zeqiri,61,277332,Une të du,2023,False,61,0.46,-9.27,0.394,0.338
Dafina Zeqiri,61,277332,Xhane Xhane,2023,False,55,0.572,-5.421,0.629,0.638
Dafina Zeqiri,61,277332,Dasma,2023,False,56,0.612,-4.386,0.814,0.744
Dafina Zeqiri,61,277332,Dashni,2022,False,57,0.556,-4.471,0.774,0.595
Dafina Zeqiri,61,277332,Pahiri,2023,False,55,0.8,-3.346,0.864,0.807
Dafina Zeqiri,61,277332,Llafe Llafe,2021,False,54,0.64,-6.45,0.871,0.75
Dafina Zeqiri,61,277332,Copa Copa,2022,False,52,0.607,-6.015,0.84,0.679
Dafina Zeqiri,61,277332,Luj,2024,False,53,0.8,-6.376,0.885,0.708
Dafina Zeqiri,61,277332,Nasty,2023,True,53,0.68,-2.778,0.774,0.758
Dafina Zeqiri,61,277332,Murder on the dancefloor,2021,False,53,0.605,-5.977,0.726,0.697
Dafina Zeqiri,61,277332,Putain,2024,False,48,0.386,-5.658,0.721,0.696
Dafina Zeqiri,61,277332,Interes,2024,False,46,0.306,-5.885,0.53,0.598
Dafina Zeqiri,61,277332,"Go, Go, Go",2024,False,45,0.328,-7.146,0.757,0.586
Dafina Zeqiri,61,277332,My Love,2024,False,44,0.533,-5.198,0.575,0.66
Dafina Zeqiri,61,277332,Ku Ma Le Forcen,2024,False,43,0.53,-6.234,0.572,0.776
Dafina Zeqiri,61,277332,Ikona,2024,False,44,0.523,-4.33,0.812,0.763
Dafina Zeqiri,61,277332,Une të du,2024,False,42,0.46,-9.27,0.394,0.338
Dafina Zeqiri,61,277332,Drama,2024,True,42,0.596,-5.274,0.771,0.831
Dafina Zeqiri,61,277332,Huti,2024,False,42,0.395,-5.714,0.804,0.735
Dafina Zeqiri,61,277332,The Absolute Intro,2024,False,42,0.585,-7.759,0.497,0.501
Dafina Zeqiri,61,277332,Pahiri,2024,False,40,0.8,-3.346,0.864,0.807
Dafina Zeqiri,61,277332,Lule Lule,2019,False,44,0.721,-5.611,0.796,0.716
Dafina Zeqiri,61,277332,Dhimbje Dhimbje,2022,False,48,0.726,-4.921,0.767,0.801
Dafina Zeqiri,61,277332,Tdu-duh,2021,False,49,0.497,-6.874,0.684,0.58
Dafina Zeqiri,61,277332,Malli,2022,False,46,0.617,-5.657,0.678,0.768
Dafina Zeqiri,61,277332,Million $,2020,False,48,0.441,-7.204,0.693,0.525
Dardan,68,1091647,Pampus,2020,False,55,0.0453,-29.131,0.175,0.0475
Dardan,68,1091647,Jij bent alles,2022,False,54,0.0546,-30.735,0.0778,0.0409
Dardan,68,1091647,In jouw armen,2021,False,54,0.0361,-27.237,0.15,0.0635
Dardan,68,1091647,Malli,2023,False,64,0.767,-5.716,0.827,0.668
Dardan,68,1091647,Pse,2023,False,62,0.425,-6.542,0.59,0.571
Dardan,68,1091647,Penelope,2023,False,63,0.526,-7.951,0.804,0.639
Dardan,68,1091647,Malli,2023,False,59,0.792,-5.698,0.829,0.662
Dardan,68,1091647,gENAuSo,2019,True,44,0.595,-5.328,0.81,0.642
Dardan,68,1091647,Maak me niet wakker,2019,False,33,0.0445,-24.742,0.134,0.0789
Dardan,68,1091647,Per Ty (feat. Mozzik),2021,True,54,0.568,-6.432,0.812,0.672
Dardan,68,1091647,Pse,2023,False,56,0.457,-6.542,0.797,0.572
Dardan,68,1091647,mailbox (feat. Hava),2021,False,62,0.428,-6.711,0.753,0.65
Dardan,68,1091647,2011,2021,False,65,0.568,-3.12,0.659,0.798
Dardan,68,1091647,Penelope,2023,False,56,0.54,-7.951,0.806,0.637
Dardan,68,1091647,a miLLy,2019,True,36,0.637,-4.187,0.791,0.782
Dardan,68,1091647,Facetime,2018,True,38,0.446,-6.873,0.701,0.682
Dardan,68,1091647,cOcO MAmA,2019,True,36,0.369,-6.766,0.436,0.603
Dardan,68,1091647,H <3 T E L,2020,False,33,0.58,-6.9,0.726,0.646
Dardan,68,1091647,coke light,2021,True,44,0.768,-8.831,0.803,0.481
Dardan,68,1091647,mailbox,2020,False,60,0.44,-6.704,0.578,0.655
Dardan,68,1091647,B.I.B.O.,2021,True,55,0.806,-4.802,0.827,0.699
Dardan,68,1091647,Escalade,2023,False,55,0.496,-8.387,0.816,0.668
Dardan,68,1091647,kAdaLe,2019,True,34,0.428,-7.307,0.518,0.67
Dardan,68,1091647,ka je,2020,False,48,0.335,-8.27,0.777,0.479
Dardan,68,1091647,Ti Amo,2023,False,53,0.405,-6.48,0.768,0.792
Dardan,68,1091647,CLOUD 7,2021,True,47,0.705,-8.724,0.89,0.548
Dardan,68,1091647,Manolo,2023,False,54,0.75,-6.446,0.89,0.585
Dardan,68,1091647,Airmax gegen Kopf,2018,True,35,0.327,-5.008,0.739,0.84
Dardan,68,1091647,D A YYY T O N A,2020,False,32,0.594,-6.679,0.863,0.651
Dardan,68,1091647,Ma Bae,2023,True,33,0.555,-4.884,0.826,0.787
Dhurata Dora,61,393806,PA MU,2023,False,59,0.866,-4.892,0.807,0.847
Dhurata Dora,61,393806,Luj (feat. Elvana Gjata),2023,False,55,0.804,-4.07,0.786,0.713
Dhurata Dora,61,393806,PALMA,2023,False,63,0.462,-6.31,0.84,0.777
Dhurata Dora,61,393806,GAJDE,2022,False,53,0.91,-5.232,0.707,0.907
Dhurata Dora,61,393806,Mi Amor (feat. Noizy & Jugglerz),2021,False,55,0.872,-5.851,0.841,0.841
Dhurata Dora,61,393806,Besame,2023,False,53,0.479,-6.871,0.78,0.632
Dhurata Dora,61,393806,AYO,2017,False,49,0.612,-4.364,0.817,0.932
Dhurata Dora,61,393806,Mi Amor (feat. Noizy & Jugglerz),2023,False,53,0.846,-5.517,0.85,0.864
Dhurata Dora,61,393806,Adrenalina,2023,False,56,0.597,-5.169,0.791,0.674
Dhurata Dora,61,393806,Jake Jake,2018,False,53,0.858,-4.307,0.872,0.817
Dhurata Dora,61,393806,Fajet,2020,False,54,0.524,-3.764,0.88,0.805
Dhurata Dora,61,393806,Adrenalina,2022,False,57,0.677,-5.243,0.782,0.655
Dhurata Dora,61,393806,Ale Ale (feat. INNA),2023,False,47,0.486,-5.021,0.874,0.671
Dhurata Dora,61,393806,Criminal,2021,False,48,0.871,-5.809,0.889,0.708
Dhurata Dora,61,393806,Shut Up (feat. Luciano & Noizy),2023,False,50,0.566,-4.558,0.937,0.698
Dhurata Dora,61,393806,Harrom,2020,False,45,0.346,-5.764,0.721,0.628
Dhurata Dora,61,393806,Trendafil,2018,False,44,0.67,-7.171,0.665,0.745
Dhurata Dora,61,393806,Kesh Kesh,2017,False,44,0.79,-2.881,0.845,0.834
Dhurata Dora,61,393806,Ferrari,2020,False,43,0.594,-5.713,0.723,0.658
Dhurata Dora,61,393806,Ma Kadal,2023,False,45,0.521,-5.338,0.895,0.56
Dhurata Dora,61,393806,Sa m'ke mungu,2022,False,44,0.618,-4.245,0.582,0.662
Dhurata Dora,61,393806,Rumba (feat. Bausa),2023,False,48,0.347,-6.247,0.778,0.765
Dhurata Dora,61,393806,Criminal,2023,False,42,0.869,-5.838,0.889,0.719
Dhurata Dora,61,393806,Danca (feat. JAY1),2023,False,43,0.456,-5.418,0.886,0.714
Dhurata Dora,61,393806,Ma Mire se Un,2023,False,40,0.467,-5.879,0.748,0.663
Dhurata Dora,61,393806,Roll,2014,False,42,0.708,-9.864,0.701,0.453
Dhurata Dora,61,393806,Abombi,2014,False,43,0.686,-5.417,0.827,0.814
Dhurata Dora,61,393806,Lass los,2020,True,51,0.511,-5.709,0.893,0.547
Dhurata Dora,61,393806,I like dat,2013,False,39,0.974,-3.779,0.773,0.808
Dhurata Dora,61,393806,Qikat e mia,2018,False,39,0.806,-9.082,0.886,0.494
DJ Gimi-O,61,141879,Kilometra,2023,False,62,0.693,-5.288,0.738,0.714
DJ Gimi-O,61,141879,Pavarsia,2020,False,58,0.171,-7.175,0.758,0.606
DJ Gimi-O,61,141879,Do ti Kallim,2021,False,58,0.521,-5.507,0.619,0.634
DJ Gimi-O,61,141879,MASHALLAH,2022,True,54,0.405,-3.447,0.371,0.844
DJ Gimi-O,61,141879,Nuse,2019,False,53,0.495,-5.663,0.715,0.679
DJ Gimi-O,61,141879,Kqyrni Shoqe,2022,False,53,0.309,-7.546,0.47,0.604
DJ Gimi-O,61,141879,Ty tka rritur nana,2021,False,52,0.363,-6.631,0.576,0.726
DJ Gimi-O,61,141879,Legjendari,2020,False,49,0.385,-6.546,0.482,0.534
DJ Gimi-O,61,141879,Kosova,2021,False,48,0.623,-7.831,0.628,0.638
DJ Gimi-O,61,141879,Ti mor Djal,2021,False,50,0.316,-4.683,0.644,0.734
DJ Gimi-O,61,141879,HAJDE HAJDE,2022,True,47,0.538,-5.316,0.768,0.682
DJ Gimi-O,61,141879,Te Dua,2020,False,44,0.547,-6.816,0.733,0.63
DJ Gimi-O,61,141879,Aktore,2022,False,45,0.666,-4.105,0.63,0.8
DJ Gimi-O,61,141879,Du & Ich,2020,True,43,0.466,-5.97,0.713,0.712
DJ Gimi-O,61,141879,VIJA VIJA,2022,False,50,0.32,-4.39,0.781,0.712
DJ Gimi-O,61,141879,Moj Dashni,2022,True,41,0.844,-8.515,0.721,0.669
DJ Gimi-O,61,141879,Kush t'ka rrejt,2018,False,36,0.697,-5.06,0.433,0.55
DJ Gimi-O,61,141879,Te Na,2018,False,35,0.707,-6.593,0.692,0.73
DJ Gimi-O,61,141879,Lulija,2018,False,35,0.741,-6.344,0.608,0.79
DJ Gimi-O,61,141879,NANA BABA,2018,False,32,0.357,-7.119,0.758,0.666
DJ Gimi-O,61,141879,Ni Nat,2019,False,30,0.639,-3.51,0.808,0.699
DJ Gimi-O,61,141879,Mihane,2018,False,30,0.944,-3.476,0.508,0.808
DJ Gimi-O,61,141879,Snap,2019,True,29,0.561,-11.471,0.832,0.384
DJ Gimi-O,61,141879,Lujmi,2018,False,20,0.639,-9.151,0.444,0.657
DJ Gimi-O,61,141879,SNAP,2019,False,19,0.577,-7.086,0.839,0.465
DJ Gimi-O,61,141879,Oh Na,2020,False,11,0.536,-6.315,0.718,0.789
DJ Gimi-O,61,141879,GIMME 5,2013,False,3,0.77,-4.992,0.706,0.898
DJ Gimi-O,61,141879,Du & Ich,2020,True,1,0.384,-7.268,0.712,0.685
DJ Gimi-O,61,141879,Puls of Balkan,2018,False,1,0.807,-4.319,0.851,0.818
DJ Gimi-O,61,141879,Spirit of Balkan,2018,False,1,0.788,-5.746,0.744,0.984
Butrint Imeri,57,349850,Gaboi,2023,False,62,0.753,-5.191,0.69,0.798
Butrint Imeri,57,349850,Dujem,2021,False,62,0.788,-5.199,0.75,0.661
Butrint Imeri,57,349850,Lonely,2023,False,59,0.711,-7.554,0.598,0.695
Butrint Imeri,57,349850,Moj Dashni,2023,False,59,0.929,-6.286,0.855,0.538
Butrint Imeri,57,349850,Diskoteka,2023,False,56,0.909,-4.172,0.738,0.705
Butrint Imeri,57,349850,Dale,2021,False,56,0.756,-4.126,0.696,0.795
Butrint Imeri,57,349850,Lejla,2022,False,55,0.948,-8.193,0.794,0.634
Butrint Imeri,57,349850,Corazon,2021,False,55,0.357,-8.079,0.57,0.69
Butrint Imeri,57,349850,Cigaren,2022,False,53,0.561,-7.767,0.723,0.448
Butrint Imeri,57,349850,Lule e Dashnisë,2023,False,52,0.692,-9.373,0.609,0.466
Butrint Imeri,57,349850,Bella,2017,False,50,0.787,-5.464,0.795,0.712
Butrint Imeri,57,349850,Kuku,2021,False,55,0.606,-8.999,0.705,0.687
Butrint Imeri,57,349850,PARE,2022,True,51,0.64,-6.626,0.756,0.582
Butrint Imeri,57,349850,Ma chérie,2018,False,47,0.819,-6.264,0.815,0.681
Butrint Imeri,57,349850,Sa Gjynah,2019,False,45,0.362,-5.573,0.633,0.685
Butrint Imeri,57,349850,Xhanëm,2017,False,43,0.546,-9.47,0.522,0.511
Butrint Imeri,57,349850,Anlasana - Remake,2020,False,46,0.476,-10.975,0.504,0.172
Butrint Imeri,57,349850,Kush?,2018,False,44,0.607,-7.084,0.7,0.588
Butrint Imeri,57,349850,2 Zemra,2020,False,40,0.661,-7.631,0.71,0.654
Butrint Imeri,57,349850,Alea,2018,False,41,0.612,-2.845,0.765,0.76
Butrint Imeri,57,349850,Bakllava,2018,False,41,0.796,-4.341,0.829,0.809
Butrint Imeri,57,349850,Hajt Hajt,2019,True,38,0.883,-3.15,0.799,0.753
Butrint Imeri,57,349850,M'ke rrejt,2019,False,40,0.747,-4.838,0.756,0.762
Butrint Imeri,57,349850,Ki Me Lyp,2015,False,42,0.63,-4.165,0.71,0.754
Butrint Imeri,57,349850,Si përpara,2020,False,39,0.728,-6.944,0.55,0.698
Butrint Imeri,57,349850,Për Një Dashuri,2020,False,36,0.435,-6.511,0.697,0.689
Butrint Imeri,57,349850,Phantom,2020,True,39,0.688,-5.491,0.765,0.668
Butrint Imeri,57,349850,Dream Girl,2019,True,45,0.471,-2.296,0.75,0.866
Butrint Imeri,57,349850,Prita - Anso Remix,2020,False,34,0.386,-9.941,0.726,0.533
Butrint Imeri,57,349850,Prita - Acoustic,2020,False,33,0.445,-8.952,0.501,0.453
Don Xhoni,58,218282,Lej,2023,False,72,0.927,-5.893,0.767,0.757
Don Xhoni,58,218282,Hala,2022,True,60,0.697,-8.92,0.8,0.691
Don Xhoni,58,218282,A m'don,2023,False,60,0.601,-2.825,0.82,0.908
Don Xhoni,58,218282,Katile,2022,False,59,0.681,-6.093,0.748,0.717
Don Xhoni,58,218282,Ike,2023,True,56,0.491,-7.519,0.622,0.499
Don Xhoni,58,218282,JU PERSHENDES!,2023,True,57,0.648,-5.301,0.831,0.794
Don Xhoni,58,218282,BOKI,2022,True,52,0.839,-7.508,0.694,0.692
Don Xhoni,58,218282,Trust me,2021,True,53,0.584,-5.385,0.713,0.743
Don Xhoni,58,218282,DILEMA,2022,True,51,0.678,-6.087,0.697,0.577
Don Xhoni,58,218282,Make a Pose,2023,False,53,0.79,-4.909,0.611,0.822
Don Xhoni,58,218282,Une foli i fundit,2021,True,49,0.868,-11.029,0.818,0.498
Don Xhoni,58,218282,Kokaina,2020,True,49,0.708,-4.289,0.638,0.85
Don Xhoni,58,218282,Gjuj per to,2021,False,50,0.625,-7.473,0.507,0.533
Don Xhoni,58,218282,Rruga,2023,True,47,0.276,-10.138,0.645,0.434
Don Xhoni,58,218282,Maffia,2021,True,47,0.322,-7.893,0.725,0.556
Don Xhoni,58,218282,TESTOM,2022,True,45,0.859,-7.248,0.782,0.745
Don Xhoni,58,218282,Deri kur,2021,False,46,0.909,-7.831,0.797,0.595
Don Xhoni,58,218282,Baby,2020,True,44,0.746,-4.408,0.837,0.909
Don Xhoni,58,218282,Crypto,2022,True,45,0.321,-8.603,0.767,0.567
Don Xhoni,58,218282,Cash Cash,2020,True,41,0.386,-7.11,0.815,0.587
Don Xhoni,58,218282,Q#VA,2022,True,42,0.569,-7.764,0.883,0.792
Don Xhoni,58,218282,Alles Gute Criminale,2020,True,40,0.644,-4.484,0.702,0.85
Don Xhoni,58,218282,Make a Pose,2023,True,42,0.753,-5.135,0.62,0.561
Don Xhoni,58,218282,Freestyle (Diversitet),2020,True,38,0.928,-12.798,0.871,0.519
Don Xhoni,58,218282,Tjera llafe,2020,True,36,0.561,-5.642,0.785,0.798
Don Xhoni,58,218282,Albaner,2022,True,37,0.563,-6.686,0.783,0.61
Don Xhoni,58,218282,Albaner - Freestyle,2021,True,34,0.622,-8.06,0.784,0.55
Don Xhoni,58,218282,Ajo Don,2020,True,31,0.192,-9.809,0.624,0.561
Don Xhoni,58,218282,Make a Pose - Freestyle,2023,False,32,0.822,-5.499,0.628,0.569
ILIRA,56,50062,Dynamite,2021,False,55,0.388,-5.238,0.761,0.821
ILIRA,56,50062,PAY ME BACK!,2019,False,43,0.607,-3.452,0.79,0.81
ILIRA,56,50062,Clean Break,2022,False,45,0.801,-4.266,0.769,0.685
ILIRA,56,50062,Another Heart,2022,False,45,0.85,-4.035,0.736,0.796
ILIRA,56,50062,Clean Break,2023,False,46,0.801,-4.266,0.769,0.685
ILIRA,56,50062,Flowers,2021,False,42,0.184,-8.505,0.649,0.257
ILIRA,56,50062,GET OFF MY D!CK,2018,True,35,0.561,-5.291,0.709,0.673
ILIRA,56,50062,ROYALTY,2020,False,37,0.529,-3.979,0.571,0.701
ILIRA,56,50062,New Friend,2023,False,35,0.0769,-14.251,0.45,0.138
ILIRA,56,50062,DO IT YOURSELF,2019,False,40,0.369,-4.252,0.703,0.648
ILIRA,56,50062,Work Of Art,2023,False,33,0.51,-7.852,0.711,0.677
ILIRA,56,50062,EXTRA FR!ES,2019,False,31,0.589,-3.917,0.831,0.767
ILIRA,56,50062,DIABLO,2019,False,31,0.801,-4.979,0.59,0.807
ILIRA,56,50062,EAT MY BRAIN,2020,False,33,0.229,-3.46,0.724,0.867
ILIRA,56,50062,Look At Me Now,2023,False,34,0.354,-7.882,0.645,0.704
ILIRA,56,50062,Wishing Well,2023,False,33,0.303,-7.738,0.653,0.571
ILIRA,56,50062,Evolution,2023,False,35,0.625,-6.617,0.719,0.554
ILIRA,56,50062,Whisper My Name,2018,False,24,0.505,-6.827,0.837,0.518
ILIRA,56,50062,YOU,2023,False,26,0.338,-10.331,0.373,0.514
ILIRA,56,50062,Easy,2020,False,29,0.489,-3.733,0.593,0.787
ILIRA,56,50062,"Fuck It, I Love It!",2020,True,21,0.538,-5.817,0.749,0.71
ILIRA,56,50062,Dynamite - Acoustic,2021,False,23,0.357,-9.362,0.546,0.272
ILIRA,56,50062,Wishing Well,2023,False,9,0.303,-7.738,0.653,0.571
ILIRA,56,50062,Flowers,2022,False,11,0.184,-8.505,0.649,0.257
ILIRA,56,50062,Flowers,2023,False,12,0.184,-8.505,0.649,0.257
ILIRA,56,50062,Clean Break,2023,False,12,0.801,-4.266,0.769,0.685
ILIRA,56,50062,Clean Break,2023,False,8,0.801,-4.266,0.769,0.685
ILIRA,56,50062,Clean Break,2023,False,8,0.801,-4.266,0.769,0.685
ILIRA,56,50062,Wishing Well,2023,False,1,0.303,-7.738,0.653,0.571
ILIRA,56,50062,Clean Break,2022,False,3,0.801,-4.266,0.769,0.685
Azet,65,1319546,OEO,2022,True,60,0.656,-3.404,0.769,0.852
Azet,65,1319546,Bona,2023,True,58,0.455,-5.11,0.846,0.793
Azet,65,1319546,Katile...,2023,True,60,0.352,-6.602,0.621,0.75
Azet,65,1319546,Bona,2023,True,52,0.455,-5.11,0.846,0.793
Azet,65,1319546,Gang,2023,True,62,0.734,-5.365,0.758,0.806
Azet,65,1319546,Qa bone,2018,True,58,0.835,-3.893,0.812,0.896
Azet,65,1319546,Kriminell,2018,True,53,0.551,-3.9,0.664,0.725
Azet,65,1319546,Du liebst ein G…,2023,False,64,0.428,-11.301,0.689,0.575
Azet,65,1319546,Lelele,2019,True,55,0.489,-5.025,0.837,0.689
Azet,65,1319546,Handy brennt…,2023,False,62,0.704,-4.608,0.8,0.761
Azet,65,1319546,Überlebt,2018,True,56,0.224,-4.353,0.546,0.694
Azet,65,1319546,Gang,2023,True,56,0.734,-5.365,0.758,0.806
Azet,65,1319546,Fast Life,2016,True,61,0.604,-8.458,0.749,0.638
Azet,65,1319546,Ti Harro,2021,True,45,0.62,-2.871,0.629,0.865
Azet,65,1319546,Skam Koh,2019,True,52,0.43,-2.714,0.793,0.742
Azet,65,1319546,Chase The Ace,2022,False,29,0.587,-8.453,0.792,0.782
Azet,65,1319546,Fragen,2019,True,55,0.408,-5.26,0.839,0.733
Azet,65,1319546,Pare,2019,True,47,0.605,-4.773,0.775,0.738
Azet,65,1319546,Wenn die Sonne untergeht,2019,True,51,0.396,-4.084,0.597,0.829
Azet,65,1319546,Handy brennt…,2023,False,57,0.704,-4.608,0.8,0.761
Azet,65,1319546,25 Mann,2023,True,57,0.0884,-7.608,0.681,0.567
Azet,65,1319546,Taschen voll...,2023,False,58,0.637,-5.904,0.835,0.788
Azet,65,1319546,Nike Pullover,2018,True,51,0.893,-3.723,0.93,0.91
Azet,65,1319546,Chanel Sneaker…,2023,False,57,0.498,-9.574,0.782,0.627
Azet,65,1319546,Seele,2019,False,57,0.297,-6.418,0.933,0.524
Azet,65,1319546,Augen…,2023,False,56,0.404,-11.315,0.83,0.43
Azet,65,1319546,Katile...,2023,True,54,0.352,-6.602,0.621,0.75
Azet,65,1319546,Aventador,2021,True,57,0.663,-6.516,0.864,0.719
Azet,65,1319546,Modell S,2023,True,52,0.368,-6.194,0.895,0.679
Azet,65,1319546,Geld...,2023,False,55,0.559,-13.321,0.599,0.6
Yll Limani,56,197379,Kaje,2023,False,59,0.6,-6.984,0.714,0.669
Yll Limani,56,197379,Alkool,2022,False,55,0.538,-5.619,0.747,0.701
Yll Limani,56,197379,Kane me tu kujtu,2023,False,55,0.529,-11.329,0.691,0.437
Yll Limani,56,197379,Per kon je zbukuru,2023,False,52,0.328,-6.016,0.692,0.592
Yll Limani,56,197379,Tuat,2023,False,53,0.45,-12.823,0.676,0.44
Yll Limani,56,197379,Injoro,2023,False,51,0.722,-11.581,0.812,0.508
Yll Limani,56,197379,Tonat,2022,False,49,0.56,-5.996,0.698,0.563
Yll Limani,56,197379,Kqyrem tu shku,2023,False,51,0.618,-13.845,0.567,0.337
Yll Limani,56,197379,Kriminele,2022,False,52,0.616,-4.661,0.754,0.77
Yll Limani,56,197379,Nuk po ec,2023,False,51,0.723,-11.111,0.661,0.365
Yll Limani,56,197379,U Kry,2023,False,49,0.842,-6.245,0.936,0.622
Yll Limani,56,197379,Malet,2022,False,49,0.626,-8.886,0.759,0.488
Yll Limani,56,197379,Gjuje,2023,False,49,0.635,-11.837,0.687,0.531
Yll Limani,56,197379,Mos prit,2023,False,50,0.467,-12.456,0.706,0.321
Yll Limani,56,197379,Sonte,2023,False,49,0.423,-13.818,0.446,0.325
Yll Limani,56,197379,Eja,2023,False,47,0.675,-12.295,0.484,0.352
Yll Limani,56,197379,Lshoja Zanin,2021,False,46,0.647,-5.35,0.443,0.61
Yll Limani,56,197379,Me Jetu,2021,False,49,0.554,-9.316,0.524,0.411
Yll Limani,56,197379,Ndjenje,2023,False,47,0.617,-16.472,0.306,0.201
Yll Limani,56,197379,Mos harro,2023,False,47,0.459,-12.298,0.691,0.394
Yll Limani,56,197379,Borxhi,2023,False,47,0.238,-11.561,0.664,0.25
Yll Limani,56,197379,Najher,2016,False,44,0.493,-6.356,0.576,0.687
Yll Limani,56,197379,Prej Se Jena Nda,2018,False,41,0.684,-3.662,0.732,0.781
Yll Limani,56,197379,Qaj,2021,False,41,0.477,-4.655,0.763,0.588
Yll Limani,56,197379,9,2022,False,41,0.903,-6.649,0.774,0.558
Yll Limani,56,197379,I kom kall,2020,False,39,0.847,-5.757,0.803,0.643
Yll Limani,56,197379,Buzët e kuqe,2020,False,37,0.436,-3.714,0.559,0.882
Yll Limani,56,197379,Engjej,2019,False,37,0.61,-5.029,0.728,0.54
Yll Limani,56,197379,Harrom,2019,False,39,0.454,-5.935,0.566,0.449
Yll Limani,56,197379,Ty,2018,False,37,0.296,-7.481,0.311,0.441
Ledri Vula,55,248289,Paranormal,2023,False,58,0.977,-4.968,0.872,0.919
Ledri Vula,55,248289,Gjendja,2023,False,54,0.678,-4.763,0.849,0.781
Ledri Vula,55,248289,Boom Boom,2023,False,54,0.978,-6.13,0.96,0.562
Ledri Vula,55,248289,Princess Diana,2018,False,54,0.791,-5.716,0.51,0.67
Ledri Vula,55,248289,Monaco,2022,False,51,0.664,-3.022,0.815,0.947
Ledri Vula,55,248289,Don Mo,2021,False,50,0.805,-6.307,0.837,0.586
Ledri Vula,55,248289,MEM,2019,False,49,0.527,-4.621,0.852,0.657
Ledri Vula,55,248289,Prek,2023,False,48,0.683,-6.603,0.768,0.703
Ledri Vula,55,248289,Nona,2017,False,46,0.538,-7.985,0.678,0.713
Ledri Vula,55,248289,U harrum,2017,False,43,0.835,-4.671,0.689,0.767
Ledri Vula,55,248289,Nuk ma la,2016,False,44,0.806,-5.328,0.885,0.694
Ledri Vula,55,248289,Merri Merri,2018,False,44,0.758,-8.434,0.839,0.547
Ledri Vula,55,248289,Krejt shokt e mi,2017,False,46,0.444,-6.247,0.55,0.764
Ledri Vula,55,248289,Uma love,2022,False,42,0.208,-2.756,0.947,0.874
Ledri Vula,55,248289,Rio,2019,False,38,0.819,-5.329,0.749,0.76
Ledri Vula,55,248289,Mrena,2023,False,40,0.814,-6.01,0.701,0.719
Ledri Vula,55,248289,1 Goat per ty,2023,False,39,0.554,-6.411,0.849,0.699
Ledri Vula,55,248289,Amerikana,2021,False,37,0.683,-7.789,0.876,0.546
Ledri Vula,55,248289,Ni gote per ty,2014,False,38,0.591,-5.303,0.787,0.7
Ledri Vula,55,248289,A jena mire,2016,False,39,0.414,-7.636,0.646,0.721
Ledri Vula,55,248289,Omel,2023,False,38,0.779,-6.583,0.916,0.702
Ledri Vula,55,248289,ROBOT,2023,False,36,0.766,-6.543,0.875,0.551
Ledri Vula,55,248289,Kings,2016,False,35,0.573,-10.731,0.706,0.611
Ledri Vula,55,248289,2 Pasaporta,2023,False,35,0.656,-6.059,0.554,0.687
Ledri Vula,55,248289,Win Win,2023,True,32,0.5,-6.67,0.805,0.69
Ledri Vula,55,248289,Une luj mas teje,2020,False,33,0.586,-9.703,0.918,0.615
Ledri Vula,55,248289,Rri,2023,False,33,0.52,-7.538,0.963,0.607
Ledri Vula,55,248289,ÇA BONE? - Whats Poppin,2021,False,34,0.796,-6.026,0.893,0.716
Ledri Vula,55,248289,100 Probleme,2014,True,31,0.823,-8.661,0.717,0.779
Ledri Vula,55,248289,Pershendetje Hejter,2023,False,32,0.85,-4.231,0.634,0.739
Elai,58,98442,Are You Having Any Fun?,1995,False,48,0.881,-8.439,0.49,0.601
Elai,58,98442,You're the One,2019,False,57,0.248,-11.299,0.741,0.39
Elai,58,98442,Wake Up,2020,False,50,0.771,-3.922,0.768,0.873
Elai,58,98442,MU NDA,2023,False,55,0.738,-9.071,0.843,0.537
Elai,58,98442,Joti,2023,False,59,0.751,-9.383,0.696,0.517
Elai,58,98442,Un Me Ty,2023,True,55,0.777,-8.239,0.738,0.559
Elai,58,98442,Joti,2023,True,55,0.742,-9.335,0.693,0.509
Elai,58,98442,Saint Tropez,2021,False,50,0.556,-13.12,0.675,0.474
Elai,58,98442,Shine,2022,False,46,0.128,-7.958,0.535,0.597
Elai,58,98442,Say It,2019,False,40,0.255,-11.81,0.363,0.293
Elai,58,98442,Nokia,2021,True,53,0.662,-9.683,0.839,0.605
Elai,58,98442,LALE,2021,False,55,0.634,-8.306,0.569,0.546
Elai,58,98442,Risky,2019,False,52,0.618,-9.751,0.758,0.373
Elai,58,98442,BENZEMA,2023,False,50,0.705,-9.232,0.681,0.566
Elai,58,98442,IKA,2023,True,49,0.453,-9.552,0.818,0.63
Elai,58,98442,Changes,2019,True,41,0.106,-12.254,0.466,0.314
Elai,58,98442,us being us,2023,False,36,0.789,-9.853,0.688,0.463
Elai,58,98442,2003,2023,True,53,0.78,-5.293,0.611,0.644
Elai,58,98442,Un Me Ty,2023,False,51,0.753,-8.31,0.735,0.555
Elai,58,98442,California,2023,True,51,0.715,-9.192,0.895,0.482
Elai,58,98442,Maradona,2022,True,48,0.65,-7.151,0.811,0.611
Elai,58,98442,Rain or Shine,2020,False,43,0.137,-8.461,0.619,0.286
Elai,58,98442,Deja Vu,2022,False,44,0.393,-6.404,0.549,0.53
Elai,58,98442,Right Now,2021,True,41,0.193,-9.428,0.387,0.284
Elai,58,98442,I Know Him So Well,1985,False,51,0.131,-12.268,0.423,0.211
Elai,58,98442,IKA,2023,False,48,0.447,-9.566,0.819,0.632
Elai,58,98442,You Are The Only One,2020,False,41,0.313,-8.625,0.712,0.227
Elai,58,98442,When We're Alone,2019,False,39,0.361,-11.402,0.665,0.326
Elai,58,98442,מכתב לאחי,2010,False,48,0.669,-7.228,0.634,0.705
Elai,58,98442,Volte a Sonhar,2016,False,63,0.199,-5.168,0.503,0.525
Mozzik,56,399467,Zani,2023,False,53,0.635,-8.633,0.803,0.627
Mozzik,56,399467,Forever,2023,False,53,0.662,-6.523,0.759,0.686
Mozzik,56,399467,Together,2023,False,50,0.466,-6.577,0.749,0.695
Mozzik,56,399467,Cocaina,2017,False,51,0.367,-5.234,0.798,0.622
Mozzik,56,399467,Xhelozia,2017,False,50,0.235,-5.322,0.789,0.657
Mozzik,56,399467,Madam,2018,False,48,0.683,-2.108,0.602,0.648
Mozzik,56,399467,Shtrejt,2023,True,45,0.455,-5.93,0.831,0.947
Mozzik,56,399467,Premtimet,2017,False,44,0.265,-5.574,0.555,0.666
Mozzik,56,399467,Bonjour Madame,2021,True,46,0.553,-5.943,0.716,0.641
Mozzik,56,399467,Escozziki,2023,False,42,0.619,-7.804,0.736,0.739
Mozzik,56,399467,Pa Pa,2018,True,41,0.362,-5.565,0.767,0.746
Mozzik,56,399467,Ama Doren,2017,False,41,0.645,-5.934,0.805,0.67
Mozzik,56,399467,EL CHAPO,2020,False,42,0.506,-8.452,0.746,0.51
Mozzik,56,399467,Fatkeqesi,2023,True,40,0.385,-7.446,0.754,0.587
Mozzik,56,399467,Ska,2022,True,38,0.818,-4.398,0.702,0.849
Mozzik,56,399467,Bespreme,2022,True,37,0.768,-4.308,0.886,0.718
Mozzik,56,399467,MADONNA,2020,False,36,0.709,-3.075,0.744,0.882
Mozzik,56,399467,MADONNA,2020,False,37,0.712,-6.489,0.742,0.808
Mozzik,56,399467,SHQIPTAR,2020,True,39,0.524,-5.679,0.859,0.746
Mozzik,56,399467,BONJOUR MADAME,2022,True,38,0.54,-5.943,0.544,0.641
Mozzik,56,399467,Dhezu,2017,False,38,0.541,-7.665,0.769,0.668
Mozzik,56,399467,DELPHER DINAKE,2020,False,38,0.457,-4.996,0.715,0.854
Mozzik,56,399467,SKA,2022,True,34,0.825,-4.398,0.696,0.847
Mozzik,56,399467,Te dua,2022,True,39,0.254,-7.642,0.779,0.657
Mozzik,56,399467,Kuks,2017,False,35,0.424,-5.193,0.734,0.705
Mozzik,56,399467,Kom Dasht,2017,False,34,0.344,-4.315,0.778,0.781
Mozzik,56,399467,MUSHNU MEN,2020,False,34,0.747,-7.113,0.536,0.667
Mozzik,56,399467,Toto Rina,2022,True,34,0.348,-4.797,0.67,0.747
Mozzik,56,399467,Daddy,2022,True,34,0.504,-6.236,0.798,0.624
Mozzik,56,399467,VEQNJO,2020,True,32,0.512,-6.495,0.757,0.651
Zuna,62,1018252,Pasha Nanen,2023,False,61,0.76,-7.93,0.791,0.601
Zuna,62,1018252,Nummer 1,2017,True,59,0.515,-7.969,0.823,0.514
Zuna,62,1018252,Pasha Nanen,2024,False,49,0.76,-7.93,0.791,0.601
Zuna,62,1018252,Karussell,2022,True,57,0.663,-5.064,0.918,0.644
Zuna,62,1018252,Baby 2.0,2021,False,56,0.612,-7.329,0.65,0.577
Zuna,62,1018252,Habibti,2021,True,45,0.393,-7.411,0.542,0.565
Zuna,62,1018252,Papaya,2023,False,61,0.442,-7.849,0.671,0.534
Zuna,62,1018252,Du bist mein,2021,True,49,0.563,-7.47,0.871,0.535
Zuna,62,1018252,Ma Jolie,2024,True,62,0.852,-7.957,0.876,0.646
Zuna,62,1018252,La 3youne,2023,False,60,0.575,-5.719,0.828,0.785
Zuna,62,1018252,Der Libanese,2023,True,58,0.35,-7.958,0.636,0.61
Zuna,62,1018252,7 Sitzer,2023,False,56,0.577,-7.821,0.773,0.649
Zuna,62,1018252,Think of Crossroad,2023,False,14,0.879,-6.582,0.843,0.851
Zuna,62,1018252,SOS,2024,True,55,0.79,-6.747,0.828,0.776
Zuna,62,1018252,Ayé,2018,True,54,0.378,-4.779,0.739,0.794
Zuna,62,1018252,Bora,2022,True,47,0.925,-5.963,0.724,0.749
Zuna,62,1018252,Wieso?,2017,True,49,0.736,-6.234,0.866,0.721
Zuna,62,1018252,Kartell,2016,True,51,0.546,-4.428,0.694,0.702
Zuna,62,1018252,Ohh Oh,2022,True,47,0.72,-6.004,0.875,0.634
Zuna,62,1018252,I'm Ballin,2024,True,52,0.489,-8.476,0.774,0.515
Zuna,62,1018252,Papaya,2024,False,49,0.442,-7.849,0.671,0.534
Zuna,62,1018252,Hol' mir dein Cousin,2016,True,51,0.344,-2.949,0.841,0.692
Zuna,62,1018252,I Love You,2023,False,47,0.529,-12.369,0.806,0.4
Zuna,62,1018252,Real Madrid,2017,True,38,0.708,-5.159,0.85,0.804
Zuna,62,1018252,Cazal,2017,True,49,0.414,-6.406,0.539,0.582
Zuna,62,1018252,Protect - TK23,2022,False,18,0.49,-17.85,0.727,0.552
Zuna,62,1018252,Digital Dreaming,2023,False,10,0.427,-6.776,0.805,0.91
Zuna,62,1018252,Cosmic Colorscape,2023,False,9,0.65,-6.947,0.796,0.822
Zuna,62,1018252,Hol mir deine Cousine,2024,False,46,0.335,-7.938,0.845,0.59
Zuna,62,1018252,La 3youne,2024,False,48,0.583,-5.469,0.841,0.796
Era Istrefi,53,145331,Bonbon - English Version,2016,False,40,0.68,-4.129,0.572,0.773
Era Istrefi,53,145331,Bonbon,2016,False,34,0.633,-5.023,0.632,0.681
Era Istrefi,53,145331,Bonbon - Post Malone Remix,2016,False,33,0.683,-3.925,0.76,0.807
Era Istrefi,53,145331,5AM,2022,True,52,0.512,-8.573,0.842,0.501
Era Istrefi,53,145331,Bonbon - English Version,2016,False,30,0.699,-4.133,0.778,0.771
Era Istrefi,53,145331,BEBE,2022,False,51,0.591,-5.39,0.813,0.79
Era Istrefi,53,145331,Idiot,2022,False,52,0.397,-6.51,0.781,0.666
Era Istrefi,53,145331,TKRKT,2022,False,50,0.937,-7.402,0.836,0.702
Era Istrefi,53,145331,Ta Du,2023,False,45,0.891,-5.926,0.825,0.813
Era Istrefi,53,145331,Redrum (feat. Felix Snow),2017,True,23,0.373,-4.547,0.601,0.661
Era Istrefi,53,145331,Bonbon - Marshmello Remix,2016,False,22,0.473,-3.45,0.533,0.829
Era Istrefi,53,145331,Nuk E Di (feat. Nora Istrefi),2019,False,35,0.6,-3.56,0.695,0.792
Era Istrefi,53,145331,Oh God (feat. Konshens),2018,True,19,0.179,-3.08,0.814,0.825
Era Istrefi,53,145331,13,2014,False,39,0.648,-7.511,0.661,0.695
Era Istrefi,53,145331,Prisoner,2018,False,18,0.797,-3.327,0.703,0.901
Era Istrefi,53,145331,Shume Pis,2015,False,36,0.512,-7.637,0.698,0.773
Era Istrefi,53,145331,No I Love Yous (feat. French Montana),2017,True,17,0.923,-4.478,0.822,0.797
Era Istrefi,53,145331,Redrum (feat. Felix Snow) - What So Not Remix,2017,True,16,0.286,-5.996,0.524,0.729
Era Istrefi,53,145331,BEBE (Gon Haziri remix),2022,False,30,0.488,-6.298,0.808,0.642
Era Istrefi,53,145331,Mani Per Money,2014,False,33,0.648,-5.952,0.638,0.657
Era Istrefi,53,145331,E Dehun,2014,False,31,0.383,-5.052,0.505,0.807
Era Istrefi,53,145331,Origami (feat. DJ Maphorisa),2018,False,13,0.545,-6.111,0.774,0.657
Era Istrefi,53,145331,Njo Si Ti,2015,False,31,0.745,-6.05,0.625,0.721
Era Istrefi,53,145331,Bonbon - Tep No Remix,2016,False,12,0.493,-6.362,0.781,0.767
Era Istrefi,53,145331,TKRKT (Anso Remix),2022,False,24,0.402,-9.62,0.667,0.675
Era Istrefi,53,145331,E dehun,2014,False,25,0.385,-4.95,0.492,0.834
Era Istrefi,53,145331,TKRKT (Lii Remix),2022,False,24,0.886,-8.827,0.843,0.696
Era Istrefi,53,145331,Bonbon - Jerry Wallis x Greg Lassierra Remix,2016,False,8,0.628,-4.564,0.794,0.848
Era Istrefi,53,145331,Bonbon - Luca Schreiner Remix,2016,False,8,0.444,-4.731,0.427,0.878
Era Istrefi,53,145331,A Po Don,2014,False,19,0.435,-9.078,0.569,0.783
Stealth,50,64488,Judgement Day,2018,False,55,0.1,-5.441,0.226,0.525
Stealth,50,64488,This Moon is Now Yours,2021,True,46,0.105,-7.247,0.776,0.712
Stealth,50,64488,Black Heart (feat. The Dap-Kings),2021,False,42,0.585,-4.026,0.852,0.761
Stealth,50,64488,Howlin',2021,False,38,0.507,-5.393,0.435,0.648
Stealth,50,64488,Black Heart (feat. The Dap-Kings),2019,False,40,0.584,-4.026,0.852,0.76
Stealth,50,64488,Camorra,2023,True,58,0.489,-5.971,0.85,0.869
Stealth,50,64488,Non Stop,2019,True,53,0.281,-9.129,0.779,0.492
Stealth,50,64488,Don't You Worry Child - 170 BPM,2023,False,45,0.829,-3.875,0.434,0.934
Stealth,50,64488,Adrenalina,2020,True,51,0.263,-9.689,0.913,0.589
Stealth,50,64488,Mesnata,2023,True,50,0.474,-7.204,0.771,0.698
Stealth,50,64488,Njisha,2020,True,51,0.592,-7.399,0.843,0.633
Stealth,50,64488,A je normal?,2019,True,49,0.18,-8.019,0.737,0.541
Stealth,50,64488,The Riddle - 170 BPM,2023,False,44,0.285,-5.784,0.385,0.872
Stealth,50,64488,So So Young,2021,False,33,0.643,-4.734,0.72,0.793
Stealth,50,64488,Other Lives,2021,False,37,0.227,-6.266,0.547,0.525
Stealth,50,64488,Judgement Day - Acoustic,2018,False,33,0.322,-5.692,0.597,0.441
Stealth,50,64488,Mos Ndalo,2022,True,44,0.579,-8.887,0.799,0.541
Stealth,50,64488,Truth Is,2018,False,35,0.536,-4.321,0.613,0.729
Stealth,50,64488,Kodak,2019,True,42,0.327,-10.049,0.826,0.501
Stealth,50,64488,Nuk ka dashni (Hellbanianz),2017,False,43,0.444,-13.856,0.768,0.395
Stealth,50,64488,Stack It Up,2023,True,22,0.607,-8.895,0.872,0.661
Stealth,50,64488,Never Say Die,2021,False,30,0.474,-4.085,0.536,0.811
Stealth,50,64488,Won't See Me Cry,2018,False,24,0.3,-9.312,0.495,0.482
Stealth,50,64488,Gotta Stop Loving You,2021,False,29,0.284,-4.722,0.566,0.693
Stealth,50,64488,Truth Is,2021,False,31,0.547,-4.311,0.613,0.73
Stealth,50,64488,Gango,2019,True,41,0.555,-5.392,0.587,0.646
Stealth,50,64488,That Kenny,2022,True,20,0.761,-9.044,0.703,0.714
Stealth,50,64488,Music Is My Suicide,2023,False,35,0.386,-3.753,0.454,0.928
Stealth,50,64488,Ky o stili (Hellbanianz),2016,False,41,0.103,-11.227,0.695,0.442
Stealth,50,64488,Shirts and Pants,2020,False,26,0.659,-15.143,0.907,0.475
Elvana Gjata,52,242021,EX,2022,False,54,0.786,-3.543,0.749,0.881
Elvana Gjata,52,242021,POW,2022,False,55,0.306,-4.585,0.531,0.538
Elvana Gjata,52,242021,Pak,2023,False,50,0.707,-5.772,0.784,0.719
Elvana Gjata,52,242021,Mike,2018,False,48,0.657,-7.657,0.899,0.513
Elvana Gjata,52,242021,E di,2021,False,47,0.725,-4.851,0.684,0.707
Elvana Gjata,52,242021,Love Me (Love Me),2015,False,48,0.701,-4.342,0.8,0.676
Elvana Gjata,52,242021,Fustani,2019,False,47,0.62,-5.671,0.614,0.695
Elvana Gjata,52,242021,Marre,2021,False,45,0.469,-4.818,0.692,0.732
Elvana Gjata,52,242021,Loti,2021,False,48,0.334,-7.685,0.704,0.637
Elvana Gjata,52,242021,Rrotullo,2023,False,49,0.494,-6.192,0.856,0.629
Elvana Gjata,52,242021,A m'don,2019,False,45,0.863,-5.24,0.928,0.62
Elvana Gjata,52,242021,SI NA - BBVA Piano Version,2023,False,49,0.353,-7.601,0.763,0.266
Elvana Gjata,52,242021,Kuq e Zi,2015,False,43,0.406,-9.623,0.61,0.763
Elvana Gjata,52,242021,1990,2014,False,45,0.802,-7.514,0.806,0.685
Elvana Gjata,52,242021,Me tana,2019,False,42,0.408,-4.515,0.822,0.718
Elvana Gjata,52,242021,SYNIN,2023,False,45,0.466,-7.671,0.685,0.616
Elvana Gjata,52,242021,Tavolina e mërzisë,2019,False,43,0.764,-5.524,0.802,0.486
Elvana Gjata,52,242021,Lejla,2016,False,39,0.704,-7.487,0.776,0.735
Elvana Gjata,52,242021,Ku Vajti,2018,False,38,0.449,-4.997,0.679,0.766
Elvana Gjata,52,242021,Njesoj,2016,False,37,0.55,-5.963,0.506,0.764
Elvana Gjata,52,242021,Xheloz,2018,False,35,0.895,-5.386,0.406,0.654
Elvana Gjata,52,242021,Me fal,2018,False,37,0.217,-6.723,0.406,0.484
Elvana Gjata,52,242021,SI NA - Negativ,2023,False,38,0.489,-5.395,0.657,0.723
Elvana Gjata,52,242021,Kunadhe,2021,False,30,0.8,-2.954,0.782,0.839
Elvana Gjata,52,242021,A po vjen,2021,False,31,0.607,-4.003,0.59,0.623
Elvana Gjata,52,242021,Mos u ngut,2021,False,30,0.88,-2.898,0.679,0.818
Elvana Gjata,52,242021,Drandofilat,2021,False,30,0.423,-5.024,0.663,0.493
Elvana Gjata,52,242021,Vetes,2011,False,32,0.666,-11.676,0.519,0.468
Elvana Gjata,52,242021,Me Ty,2011,False,32,0.215,-12.954,0.593,0.35
Elvana Gjata,52,242021,Gjerat kane ndryshuar,2018,False,30,0.242,-6.799,0.222,0.491
Mc Kresha,53,223837,Shake it (Kanga e Drake),2023,True,60,0.839,-5.581,0.849,0.753
Mc Kresha,53,223837,Süße,2023,True,49,0.704,-5.443,0.833,0.804
Mc Kresha,53,223837,Luv Luv,2014,True,51,0.393,-9.386,0.78,0.493
Mc Kresha,53,223837,Semafori,2019,True,49,0.453,-8.335,0.685,0.608
Mc Kresha,53,223837,Süße,2023,True,49,0.704,-5.443,0.833,0.804
Mc Kresha,53,223837,Era,2016,True,43,0.35,-5.675,0.695,0.772
Mc Kresha,53,223837,Shottas n'BMW,2023,True,44,0.564,-5.505,0.761,0.734
Mc Kresha,53,223837,Inati,2022,True,42,0.714,-6.878,0.744,0.616
Mc Kresha,53,223837,Poem,2010,True,43,0.664,-7.562,0.825,0.673
Mc Kresha,53,223837,Thug Livin’,2023,True,40,0.473,-4.845,0.829,0.617
Mc Kresha,53,223837,Thirri krejt shoqet,2016,True,41,0.861,-6.415,0.922,0.641
Mc Kresha,53,223837,HipHop,2016,True,39,0.712,-3.808,0.816,0.864
Mc Kresha,53,223837,Criminal Immigrant,2021,True,38,0.686,-8.186,0.602,0.663
Mc Kresha,53,223837,Krushqit me Maybach,2023,True,40,0.669,-6.208,0.839,0.735
Mc Kresha,53,223837,Stuhi mbi oqean,2022,True,38,0.589,-6.46,0.729,0.633
Mc Kresha,53,223837,Hustle për Burek,2023,True,38,0.563,-5.774,0.759,0.693
Mc Kresha,53,223837,Duqa mi duqa,2019,True,39,0.419,-9.609,0.824,0.601
Mc Kresha,53,223837,Jerëm,2023,True,38,0.185,-5.109,0.86,0.599
Mc Kresha,53,223837,Hotel Mahalla,2022,True,37,0.73,-7.794,0.781,0.51
Mc Kresha,53,223837,Filmi i fundit,2019,True,36,0.789,-6.916,0.707,0.73
Mc Kresha,53,223837,Poem,2019,False,41,0.643,-7.572,0.828,0.684
Mc Kresha,53,223837,Rammstein,2022,True,36,0.599,-4.832,0.772,0.744
Mc Kresha,53,223837,Paret Lejla,2022,True,35,0.476,-5.057,0.749,0.814
Mc Kresha,53,223837,Nji Lot,2022,True,35,0.145,-6.271,0.455,0.58
Mc Kresha,53,223837,Diamant,2023,True,35,0.518,-5.469,0.914,0.634
Mc Kresha,53,223837,Hey hey hey,2016,True,34,0.435,-9.883,0.785,0.439
Mc Kresha,53,223837,Lej Flleshat,2010,True,36,0.878,-5.824,0.761,0.827
Mc Kresha,53,223837,Cok Guzel,2012,True,35,0.554,-5.682,0.803,0.839
Mc Kresha,53,223837,S'mund t'jetoj pa ty,2016,True,34,0.689,-7.889,0.747,0.693
Mc Kresha,53,223837,I re pishmon,2016,True,33,0.627,-6.031,0.84,0.58
Vinz,50,75701,Am I Wrong,2014,False,80,0.779,-6.003,0.729,0.675
Vinz,50,75701,Am I Wrong,2014,False,61,0.76,-5.465,0.725,0.68
Vinz,50,75701,That's How You Know (feat. Kid Ink & Bebe Rexha),2015,True,56,0.737,-6.406,0.769,0.437
Vinz,50,75701,Hood Life 3,2023,True,55,0.66,-11.873,0.616,0.451
Vinz,50,75701,In Your Arms,2014,False,52,0.674,-6.051,0.431,0.81
Vinz,50,75701,Poppin Smoke,2022,True,51,0.324,-9.112,0.779,0.532
Vinz,50,75701,When the Day Comes,2014,False,53,0.32,-6.39,0.706,0.653
Vinz,50,75701,Hood Life 2,2020,True,51,0.557,-9.697,0.869,0.514
Vinz,50,75701,Space - Radio Edit,2024,False,29,0.421,-4.93,0.506,0.873
Vinz,50,75701,Behind Bars,2023,True,48,0.305,-11.246,0.902,0.321
Vinz,50,75701,Lonely,2020,True,47,0.363,-9.141,0.831,0.514
Vinz,50,75701,Freestyle,2020,True,46,0.674,-14.623,0.865,0.451
Vinz,50,75701,My Shqipez (HELLBANIANZ),2016,False,47,0.468,-9.17,0.905,0.558
Vinz,50,75701,Shqipet e marr,2019,True,46,0.784,-6.948,0.932,0.571
Vinz,50,75701,Dominicana,2021,True,44,0.635,-8.364,0.849,0.597
Vinz,50,75701,Wanted,2017,False,29,0.531,-6.215,0.56,0.677
Vinz,50,75701,Young Shqipe,2019,True,39,0.437,-10.867,0.894,0.566
Vinz,50,75701,Iconic Mind - Radio Edit,2015,False,20,0.781,-3.943,0.722,0.948
Vinz,50,75701,Intrigued,2017,False,36,0.312,-4.601,0.652,0.686
Vinz,50,75701,In Your Arms,2014,False,34,0.674,-6.051,0.431,0.81
Vinz,50,75701,Way Back,2023,False,23,0.467,-10.305,0.536,0.595
Vinz,50,75701,Praying to a God,2015,False,36,0.458,-8.081,0.73,0.325
Vinz,50,75701,Imagine,2014,False,35,0.473,-4.306,0.693,0.637
Vinz,50,75701,Our Love,2015,False,36,0.383,-6.692,0.741,0.773
Vinz,50,75701,Real Life (HELLBANIANZ),2015,False,42,0.0406,-11.47,0.615,0.5
Vinz,50,75701,Dromendans,2011,False,59,0.972,-5.025,0.833,0.857
Vinz,50,75701,Runnin',2014,False,33,0.562,-6.472,0.757,0.68
Vinz,50,75701,Above O,2017,False,24,0.0645,-4.056,0.622,0.902
Vinz,50,75701,Hold It Together (feat. Willy Beaman),2016,False,36,0.416,-5.221,0.432,0.529
Vinz,50,75701,Vinz ft Stealth - Nobody (HELLBANIANZ),2016,False,41,0.32,-11.1,0.799,0.463
Kida,52,283262,Mesazh,2023,False,60,0.57,-6.841,0.723,0.722
Kida,52,283262,AM,2022,False,54,0.789,-6.649,0.766,0.771
Kida,52,283262,PM,2022,False,55,0.55,-8.081,0.74,0.623
Kida,52,283262,Fluturu,2023,False,52,0.564,-4.952,0.78,0.878
Kida,52,283262,Vaj,2023,False,54,0.524,-4.794,0.796,0.732
Kida,52,283262,Tela,2019,False,49,0.822,-5.464,0.823,0.665
Kida,52,283262,URU,2023,False,48,0.633,-6.881,0.675,0.805
Kida,52,283262,TDU,2022,False,45,0.808,-8.844,0.825,0.623
Kida,52,283262,AI ME MU SO,2022,False,49,0.624,-5.031,0.888,0.656
Kida,52,283262,GRABBA,2018,True,38,0.647,-6.843,0.786,0.703
Kida,52,283262,Paranoia,2020,False,45,0.34,-4.256,0.799,0.804
Kida,52,283262,Deja vu,2019,False,43,0.874,-5.264,0.773,0.689
Kida,52,283262,Pishmon,2020,False,45,0.54,-5.233,0.778,0.77
Kida,52,283262,Ma lujte,2022,False,43,0.414,-6.463,0.733,0.606
Kida,52,283262,GRABBA,2017,True,34,0.646,-5.934,0.835,0.681
Kida,52,283262,Leje,2023,False,42,0.554,-6.237,0.745,0.732
Kida,52,283262,Uh Baby,2017,False,41,0.475,-4.814,0.738,0.631
Kida,52,283262,"Abandoned by God (From ""Demon's Souls"") [Maiden Astraea]",2017,False,35,0.104,-14.659,0.231,0.279
Kida,52,283262,Drunk,2020,False,41,0.184,-6.271,0.665,0.535
Kida,52,283262,Ti,2018,False,40,0.388,-5.242,0.452,0.735
Kida,52,283262,HMU,2021,False,29,0.185,-25.399,0.33,0.127
Kida,52,283262,"Epitaph for Boletaria (From ""Demon's Souls"") [Maiden in Black]",2017,False,32,0.0422,-12.255,0.0809,0.262
Kida,52,283262,Merri Krejt,2018,False,39,0.202,-6.313,0.525,0.539
Kida,52,283262,Ike,2021,False,40,0.802,-4.869,0.496,0.647
Kida,52,283262,Issa Vibe,2018,True,33,0.813,-6.938,0.852,0.63
Kida,52,283262,Death Wish,2023,True,21,0.162,-7.381,0.423,0.722
Kida,52,283262,Banger (feat. Boj),2023,False,37,0.361,-5.831,0.822,0.657
Kida,52,283262,Wanna Dance,2023,False,37,0.834,-9.572,0.833,0.415
Kida,52,283262,Again,2018,False,38,0.531,-7.722,0.846,0.605
Kida,52,283262,Glacier Boy,2021,True,20,0.403,-9.893,0.617,0.54
Tayna,54,189375,O Jetë,2023,False,66,0.664,-5.58,0.777,0.683
Tayna,54,189375,Xhelozi,2023,False,56,0.73,-7.002,0.736,0.57
Tayna,54,189375,Kalle,2023,False,50,0.632,-5.486,0.732,0.727
Tayna,54,189375,Columbiana,2018,True,49,0.721,-5.248,0.787,0.714
Tayna,54,189375,Teket,2023,False,47,0.863,-7.147,0.839,0.753
Tayna,54,189375,Mashallah,2023,False,49,0.488,-9.57,0.66,0.463
Tayna,54,189375,QE QE,2020,False,47,0.714,-2.741,0.64,0.784
Tayna,54,189375,Aje,2018,False,46,0.794,-5.543,0.893,0.596
Tayna,54,189375,Sicko,2019,False,51,0.489,-3.359,0.752,0.866
Tayna,54,189375,Bye Bye,2019,False,48,0.146,-3.976,0.567,0.774
Tayna,54,189375,Hala,2021,False,45,0.539,-6.811,0.793,0.504
Tayna,54,189375,UNAZA,2024,False,45,0.348,-5.898,0.604,0.564
Tayna,54,189375,Edhe Ti,2020,False,46,0.725,-3.522,0.794,0.746
Tayna,54,189375,Pasite,2019,False,43,0.249,-3.606,0.794,0.857
Tayna,54,189375,Moona,2021,False,45,0.665,-3.798,0.885,0.742
Tayna,54,189375,Doruntina,2018,True,43,0.618,-4.261,0.642,0.703
Tayna,54,189375,Tequila,2022,False,44,0.28,-4.849,0.747,0.845
Tayna,54,189375,Teket,2022,False,42,0.863,-7.147,0.839,0.753
Tayna,54,189375,Sdu me ni,2023,True,38,0.614,-4.887,0.467,0.695
Tayna,54,189375,Alpha Omega,2022,True,41,0.696,-7.049,0.716,0.758
Tayna,54,189375,Merri,2023,False,41,0.453,-7.738,0.512,0.512
Tayna,54,189375,Anaconda,2022,True,43,0.839,-5.892,0.503,0.857
Tayna,54,189375,Tequila,2023,False,40,0.28,-4.849,0.747,0.845
Tayna,54,189375,Merri,2023,False,42,0.453,-7.738,0.512,0.512
Tayna,54,189375,Sdu me ni,2022,True,37,0.614,-4.887,0.467,0.695
Tayna,54,189375,Caliente,2019,False,40,0.603,-2.17,0.728,0.91
Tayna,54,189375,Anaconda,2023,True,38,0.839,-5.892,0.503,0.857
Tayna,54,189375,Magdalena,2021,False,33,0.363,-4.134,0.754,0.682
Tayna,54,189375,Columbiana,2018,True,39,0.702,-5.249,0.788,0.713
Tayna,54,189375,Valle,2023,False,36,0.579,-2.77,0.934,0.855
Marin,48,97580,Bubblegum Bitch,2012,True,79,0.609,-5.123,0.495,0.856
Marin,48,97580,Oh No!,2010,False,75,0.964,-3.971,0.77,0.896
Marin,48,97580,Are You Satisfied?,2010,False,72,0.843,-4.992,0.669,0.712
Marin,48,97580,Primadonna,2012,False,75,0.427,-2.671,0.66,0.689
Marin,48,97580,How to Be a Heartbreaker,2012,False,73,0.849,-4.696,0.69,0.897
Marin,48,97580,Hermit the Frog,2010,True,69,0.487,-4.545,0.609,0.679
Marin,48,97580,Teen Idle,2012,False,68,0.374,-6.26,0.571,0.651
Marin,48,97580,Seventeen,2010,True,65,0.798,-5.755,0.771,0.816
Marin,48,97580,Ancient Dreams in a Modern Land,2021,False,69,0.638,-5.002,0.578,0.793
Marin,48,97580,The Family Jewels,2010,False,66,0.517,-5.271,0.775,0.552
Marin,48,97580,Girls,2010,False,61,0.945,-5.072,0.666,0.873
Marin,48,97580,Venus Fly Trap,2021,True,63,0.518,-4.392,0.586,0.856
Marin,48,97580,Man's World,2021,False,62,0.226,-5.684,0.496,0.709
Marin,48,97580,Savages,2015,False,52,0.731,-7.199,0.759,0.76
Marin,48,97580,The Family Jewels,2010,False,59,0.517,-5.271,0.775,0.552
Marin,48,97580,Hermit the Frog,2010,True,61,0.541,-4.473,0.617,0.654
Marin,48,97580,Yahweh Se Manifestará (Ao Vivo),2023,False,61,0.0812,-8.299,0.308,0.673
Marin,48,97580,All In,2023,False,53,0.66,-7.061,0.659,0.729
Marin,48,97580,Homewrecker,2012,False,56,0.195,-5.709,0.484,0.756
Marin,48,97580,Lies,2012,False,56,0.278,-5.582,0.561,0.671
Marin,48,97580,Froot,2015,False,49,0.726,-5.849,0.614,0.812
Marin,48,97580,About Love - From The Netflix Film “To All The Boys: P.S. I Still Love You”,2020,False,59,0.281,-5.567,0.636,0.758
Marin,48,97580,Purge The Poison,2021,False,57,0.544,-5.082,0.581,0.822
Marin,48,97580,I Am Not a Robot,2010,False,56,0.489,-5.405,0.665,0.494
Marin,48,97580,Santorini,2023,False,58,0.36,-17.749,0.814,0.155
Marin,48,97580,Are You Satisfied?,2010,False,67,0.798,-4.969,0.667,0.728
Marin,48,97580,Starring Role,2012,True,53,0.41,-4.99,0.529,0.8
Marin,48,97580,I Love You But I Love Me More,2021,True,55,0.267,-4.914,0.497,0.881
Marin,48,97580,How to Be a Heartbreaker,2012,False,49,0.849,-4.696,0.69,0.897
Marin,48,97580,I Am Not a Robot,2010,False,51,0.452,-4.559,0.606,0.636
Finem,51,122422,LUTEM,2023,True,56,0.172,-4.746,0.707,0.742
Finem,51,122422,BAGDAD,2023,False,57,0.526,-2.81,0.809,0.868
Finem,51,122422,9 MILLY,2023,True,55,0.143,-6.218,0.702,0.585
Finem,51,122422,Milano,2022,False,51,0.354,-3.905,0.797,0.733
Finem,51,122422,Ku Je Ti,2021,False,52,0.297,-6.026,0.721,0.804
Finem,51,122422,Gasolina,2023,True,49,0.793,-7.459,0.591,0.729
Finem,51,122422,Benzi,2019,True,47,0.213,-6.007,0.75,0.623
Finem,51,122422,Anakonda,2022,False,47,0.432,-6.107,0.513,0.884
Finem,51,122422,S'je Mo,2020,True,45,0.354,-9.661,0.648,0.467
Finem,51,122422,Tipa,2022,True,43,0.403,-6.134,0.607,0.627
Finem,51,122422,Ajo Ajo,2022,True,43,0.572,-6.087,0.648,0.768
Finem,51,122422,Avioni,2021,True,42,0.194,-8.141,0.554,0.797
Finem,51,122422,Meteor,2023,False,40,0.336,-7.709,0.644,0.745
Finem,51,122422,Drill,2022,True,42,0.521,-6.341,0.802,0.778
Finem,51,122422,KPT 2,2021,True,41,0.454,-5.614,0.588,0.855
Finem,51,122422,K.P.T,2019,True,40,0.556,-8.195,0.454,0.653
Finem,51,122422,Gazi n'Fund,2020,True,38,0.593,-8.944,0.702,0.762
Finem,51,122422,Elizabeta,2020,True,38,0.814,-8.245,0.77,0.612
Finem,51,122422,Jeni t'Lodht,2019,True,37,0.831,-6.787,0.569,0.843
Finem,51,122422,N'Katror,2019,True,35,0.791,-5.995,0.731,0.521
Finem,51,122422,Panama,2020,True,33,0.764,-5.859,0.671,0.824
Finem,51,122422,Far Away,2023,False,16,0.351,-21.647,0.327,0.0862
Finem,51,122422,Grass,2023,False,14,0.172,-20.876,0.276,0.0844
Finem,51,122422,to decompose,2022,False,4,0.0783,-12.326,0.355,0.384
Finem,51,122422,grow,2022,False,4,0.15,-8.734,0.363,0.506
Finem,51,122422,Angel (M.A.S. Collective Vocal),2009,False,9,0.52,-16.675,0.742,0.54
Finem,51,122422,Singing,2023,False,5,0.528,-22.084,0.332,0.0299
Finem,51,122422,Modah Ani/Asher Yatzar,2004,False,4,0.737,-11.172,0.441,0.458
Finem,51,122422,Ocho Kandelikas,2013,False,11,0.582,-11.83,0.596,0.293
Finem,51,122422,If You Fall - Original Album Version,2019,False,7,0.531,-11.73,0.691,0.878
BARDHI,52,95766,MASHTRUSE,2023,False,57,0.87,-5.89,0.816,0.689
BARDHI,52,95766,Betohemi 2,2023,False,53,0.505,-6.766,0.6,0.648
BARDHI,52,95766,Sa Me Do,2023,False,55,0.837,-6.345,0.797,0.649
BARDHI,52,95766,FERRARI,2023,False,52,0.33,-5.877,0.735,0.83
BARDHI,52,95766,Policia,2023,False,54,0.494,-4.79,0.781,0.787
BARDHI,52,95766,RAKIA,2022,True,47,0.784,-8.18,0.824,0.529
BARDHI,52,95766,AMA,2022,True,46,0.703,-7.016,0.708,0.709
BARDHI,52,95766,Zhytem,2022,False,44,0.431,-9.123,0.522,0.503
BARDHI,52,95766,MALLI,2023,False,45,0.252,-7.47,0.56,0.541
BARDHI,52,95766,KALLI,2022,False,41,0.933,-7.13,0.746,0.665
BARDHI,52,95766,DASHNI E VJETER,2023,False,40,0.853,-4.318,0.706,0.77
BARDHI,52,95766,Betohemi,2020,False,42,0.299,-4.558,0.654,0.578
BARDHI,52,95766,MYKONOS,2023,False,41,0.873,-4.98,0.723,0.758
BARDHI,52,95766,Shtinja Flaken,2023,False,38,0.691,-5.223,0.768,0.767
BARDHI,52,95766,MI AMOR,2022,False,35,0.861,-6.884,0.772,0.727
BARDHI,52,95766,QEF,2021,False,35,0.41,-4.165,0.7,0.805
BARDHI,52,95766,KATILE,2022,False,36,0.518,-8.117,0.724,0.638
BARDHI,52,95766,Merri,2021,False,37,0.463,-8.675,0.574,0.538
BARDHI,52,95766,COPE COPE,2021,True,34,0.423,-7.082,0.725,0.592
BARDHI,52,95766,TE DUA,2023,False,34,0.706,-7.368,0.724,0.74
BARDHI,52,95766,Emanuela,2021,True,32,0.532,-3.886,0.798,0.676
BARDHI,52,95766,Prap,2022,False,34,0.287,-10.008,0.607,0.439
BARDHI,52,95766,Engjulli im,2022,False,33,0.421,-4.384,0.6,0.711
BARDHI,52,95766,Kadale,2021,False,34,0.685,-3.868,0.707,0.666
BARDHI,52,95766,HAYAT,2022,False,41,0.47,-6.25,0.64,0.622
BARDHI,52,95766,A Je ?,2021,False,34,0.337,-6.452,0.572,0.528
BARDHI,52,95766,LOT,2021,True,31,0.306,-4.919,0.688,0.66
BARDHI,52,95766,Mfal,2021,False,29,0.858,-5.745,0.826,0.523
BARDHI,52,95766,Zemren,2021,False,31,0.481,-4.508,0.565,0.765
BARDHI,52,95766,Sa Mire Po Dokesh,2021,False,26,0.771,-4.944,0.682,0.836
Ardian Bujupi,56,199827,Valle Kosovare (feat. Shpat Kasapi),2023,False,57,0.897,-6.77,0.806,0.757
Ardian Bujupi,56,199827,Rahat - Instrumental,2019,False,38,0.175,-6.188,0.841,0.489
Ardian Bujupi,56,199827,ANDIAMO,2017,False,52,0.805,-3.944,0.871,0.688
Ardian Bujupi,56,199827,Cika Cika,2018,False,51,0.671,-5.146,0.802,0.698
Ardian Bujupi,56,199827,Panorama,2020,False,49,0.644,-5.569,0.901,0.697
Ardian Bujupi,56,199827,Ku Jena,2023,False,56,0.556,-4.953,0.89,0.839
Ardian Bujupi,56,199827,Peligrosa,2021,False,49,0.585,-7.044,0.735,0.677
Ardian Bujupi,56,199827,Wie im Traum - Instrumental,2019,False,32,0.154,-8.863,0.827,0.48
Ardian Bujupi,56,199827,Gelato (feat. Ledri Vula),2022,False,43,0.698,-4.87,0.732,0.811
Ardian Bujupi,56,199827,Aventura (feat. Noizy),2022,False,42,0.873,-4.905,0.832,0.649
Ardian Bujupi,56,199827,Aventura (feat. Noizy),2022,False,38,0.891,-4.587,0.857,0.602
Ardian Bujupi,56,199827,Na jena njo,2017,False,38,0.402,-6.63,0.76,0.695
Ardian Bujupi,56,199827,Meine Liebe,2019,False,41,0.266,-5.341,0.677,0.738
Ardian Bujupi,56,199827,Adrenalina,2021,False,41,0.881,-8.392,0.962,0.502
Ardian Bujupi,56,199827,Wie im Traum,2019,False,60,0.469,-5.682,0.824,0.727
Ardian Bujupi,56,199827,Skena Koh,2023,False,42,0.37,-8.201,0.901,0.523
Ardian Bujupi,56,199827,Pina Whiskey,2021,False,44,0.678,-7.475,0.853,0.548
Ardian Bujupi,56,199827,CIKA CIKA (feat. Xhensila) - Remix,2019,False,34,0.662,-4.371,0.839,0.826
Ardian Bujupi,56,199827,Tranova,2022,False,40,0.859,-3.262,0.826,0.745
Ardian Bujupi,56,199827,Modela,2020,False,43,0.473,-5.314,0.904,0.512
Ardian Bujupi,56,199827,Lotto,2022,True,42,0.496,-6.742,0.873,0.625
Ardian Bujupi,56,199827,Ka Je Bonita,2021,False,40,0.83,-5.839,0.781,0.532
Ardian Bujupi,56,199827,Paname,2021,False,36,0.719,-4.55,0.693,0.738
Ardian Bujupi,56,199827,Te Du Krejt,2017,False,28,0.67,-4.75,0.85,0.666
Ardian Bujupi,56,199827,Atlantik,2022,False,44,0.836,-5.216,0.839,0.656
Ardian Bujupi,56,199827,Arrita,2019,False,32,0.429,-4.735,0.801,0.722
Ardian Bujupi,56,199827,3 Panamera,2023,True,41,0.645,-6.293,0.788,0.668
Ardian Bujupi,56,199827,CIKA CIKA (feat. Xhensila) - Remix,2019,False,29,0.645,-4.393,0.833,0.836
Ardian Bujupi,56,199827,Pina Whiskey,2022,False,36,0.675,-7.464,0.855,0.547
Ardian Bujupi,56,199827,Per Ty (feat. MEL),2022,True,36,0.553,-5.413,0.68,0.754
Lyrical Son,52,83670,Menemadhe,2019,True,48,0.636,-4.645,0.856,0.683
Lyrical Son,52,83670,Hey Girl,2019,True,47,0.436,-6.442,0.93,0.596
Lyrical Son,52,83670,Amore,2019,True,37,0.291,-9.745,0.652,0.606
Lyrical Son,52,83670,Me Ta Pyl,2013,True,38,0.725,-8.019,0.751,0.881
Lyrical Son,52,83670,Ajo po don,2020,True,34,0.377,-7.8,0.657,0.561
Lyrical Son,52,83670,Mos Shko,2013,True,31,0.615,-9.276,0.343,0.735
Lyrical Son,52,83670,Rruga n'club,2019,True,30,0.484,-10.207,0.653,0.533
Lyrical Son,52,83670,Mafia Shqip,2019,True,29,0.62,-7.271,0.773,0.648
Lyrical Son,52,83670,Po pritoj,2008,True,28,0.557,-7.637,0.863,0.48
Lyrical Son,52,83670,Rraspia e Shehrit,2013,False,27,0.676,-14.301,0.603,0.527
Lyrical Son,52,83670,Dilem jasht,2021,True,28,0.606,-9.917,0.781,0.661
Lyrical Son,52,83670,Leshkobar,2019,True,27,0.665,-5.18,0.924,0.625
Lyrical Son,52,83670,Special,2013,True,24,0.466,-12.975,0.513,0.682
Lyrical Son,52,83670,Sensimilia,2013,True,19,0.808,-6.896,0.476,0.679
Lyrical Son,52,83670,Qellimi,2013,True,18,0.497,-7.352,0.473,0.811
Lyrical Son,52,83670,Goodbye Song,2022,True,3,0.23,-8.292,0.592,0.753
Lyrical Son,52,83670,Oxygen,2013,True,11,0.185,-8.608,0.506,0.711
Lyrical Son,52,83670,Jo Haver,2013,False,15,0.572,-11.659,0.586,0.618
Lyrical Son,52,83670,E boj me qef,2008,False,15,0.822,-5.969,0.87,0.61
Lyrical Son,52,83670,Mu bo estrad,2008,False,13,0.867,-5.316,0.779,0.584
Lyrical Son,52,83670,Up in da club,2008,True,14,0.651,-2.549,0.945,0.903
Lyrical Son,52,83670,High medet high,2008,False,18,0.851,-4.821,0.903,0.805
Lyrical Son,52,83670,Ekstravaganca,2013,True,15,0.4,-7.015,0.662,0.764
Lyrical Son,52,83670,Sexy Linda,2019,False,13,0.959,-13.301,0.691,0.48
Lyrical Son,52,83670,Aprili li,2008,False,17,0.896,-4.596,0.967,0.814
Lyrical Son,52,83670,Sonnet,2023,False,1,0.47,-26.23,0.565,0.0199
Lyrical Son,52,83670,Last Song,2016,False,1,0.706,-3.232,0.724,0.932
Lyrical Son,52,83670,Prodigal Son,2014,False,0,0.514,-8.975,0.789,0.577
Lyrical Son,52,83670,Disco Me Uzi - Remix,2013,True,13,0.689,-10.945,0.783,0.551
Lyrical Son,52,83670,Hot Shorts,2008,False,14,0.853,-5.152,0.952,0.521
2Ton,49,162384,safe place,2023,False,54,0.961,-8.097,0.824,0.568
2Ton,49,162384,cozy,2022,True,52,0.966,-7.972,0.805,0.561
2Ton,49,162384,earth boy,2022,True,46,0.481,-8.813,0.788,0.591
2Ton,49,162384,buried alive,2023,False,38,0.152,-8.147,0.485,0.721
2Ton,49,162384,Bop It!,2020,True,40,0.773,-7.226,0.767,0.679
2Ton,49,162384,K.K. Slide (That's Alright),2020,True,37,0.634,-12.886,0.852,0.371
2Ton,49,162384,who am i?,2022,True,34,0.651,-6.028,0.682,0.654
2Ton,49,162384,danger to myself,2023,False,32,0.609,-9.353,0.72,0.493
2Ton,49,162384,shadow work,2022,True,30,0.457,-6.326,0.351,0.795
2Ton,49,162384,she's a 10,2022,False,31,0.797,-2.716,0.641,0.814
2Ton,49,162384,FJALT E MIA,2023,False,52,0.512,-4.141,0.498,0.748
2Ton,49,162384,AVENTURA,2023,False,49,0.703,-4.081,0.715,0.878
2Ton,49,162384,Earth Boy,2019,True,31,0.571,-13.946,0.725,0.432
2Ton,49,162384,Detached,2018,True,29,0.744,-15.646,0.933,0.339
2Ton,49,162384,Te Amo,2023,False,51,0.535,-4.971,0.648,0.804
2Ton,49,162384,I MERITOVA,2023,False,48,0.763,-2.388,0.579,0.921
2Ton,49,162384,Kohen,2021,False,50,0.897,-4.744,0.801,0.67
2Ton,49,162384,Human Girl,2019,True,29,0.928,-13.187,0.74,0.483
2Ton,49,162384,starseed,2022,False,28,0.382,-7.089,0.711,0.601
2Ton,49,162384,tough love,2023,False,29,0.706,-3.639,0.7,0.773
2Ton,49,162384,KALON,2023,False,48,0.529,-6.132,0.627,0.692
2Ton,49,162384,DIKUR,2023,False,47,0.65,-6.34,0.786,0.697
2Ton,49,162384,what she's like,2022,True,26,0.934,-4.684,0.759,0.602
2Ton,49,162384,Cause and Effect,2019,True,25,0.355,-13.033,0.812,0.425
2Ton,49,162384,"The World Is Ending, Let's Make Out",2020,True,26,0.824,-11.255,0.969,0.271
2Ton,49,162384,Tell Ur Homegirl,2011,True,25,0.204,-7.15,0.878,0.68
2Ton,49,162384,Wake Up,2022,False,23,0.524,-18.988,0.694,0.203
2Ton,49,162384,Nogood G4,2023,True,30,0.0656,-10.022,0.812,0.578
2Ton,49,162384,SI ERA,2023,False,44,0.332,-7.593,0.725,0.682
2Ton,49,162384,DASHNI E JONA,2023,False,42,0.894,-3.5,0.705,0.93
Majk,49,170582,Lamtumire,2023,False,52,0.648,-6.068,0.79,0.64
Majk,49,170582,Krejt ti fala,2018,False,44,0.571,-5.872,0.79,0.668
Majk,49,170582,Kce Kce,2022,False,46,0.678,-3.519,0.719,0.799
Majk,49,170582,Sjena mo,2015,False,46,0.496,-6.297,0.702,0.841
Majk,49,170582,Paris Milano,2018,False,45,0.59,-5.111,0.846,0.733
Majk,49,170582,Malena,2019,False,43,0.533,-4.817,0.747,0.864
Majk,49,170582,Tricky Disco,2022,False,53,0.439,-7.565,0.952,0.657
Majk,49,170582,Sunday Chimes,2023,False,30,0.0393,-13.776,0.687,0.402
Majk,49,170582,Ithaca,2022,False,36,0.516,-11.082,0.756,0.168
Majk,49,170582,Marr,2021,False,41,0.447,-7.081,0.591,0.746
Majk,49,170582,Përgjithmonë,2022,False,42,0.724,-6.508,0.844,0.753
Majk,49,170582,E Pa Shpirt,2022,False,43,0.634,-6.686,0.781,0.811
Majk,49,170582,Pasek Gucci - La La La - Majki Remix,2023,True,67,0.731,-4.782,0.864,0.743
Majk,49,170582,Katile,2017,False,40,0.641,-5.943,0.662,0.864
Majk,49,170582,Dashni,2015,False,43,0.393,-7.17,0.828,0.675
Majk,49,170582,Më Fal,2022,False,41,0.259,-6.907,0.706,0.602
Majk,49,170582,Viking,2023,False,41,0.515,-7.569,0.65,0.733
Majk,49,170582,Wintersun,2021,False,33,0.119,-11.047,0.652,0.367
Majk,49,170582,Pakuje Walize ale to VIXA - Remix,2022,True,53,0.563,-5.917,0.867,0.688
Majk,49,170582,Oceania,2023,False,24,0.128,-8.43,0.693,0.32
Majk,49,170582,Para Se Me Shku,2023,False,35,0.399,-9.776,0.733,0.468
Majk,49,170582,MIGOS,2023,False,35,0.676,-6.539,0.852,0.619
Majk,49,170582,skubidubidubidu - Majki Remix,2023,False,52,0.954,-4.738,0.898,0.857
Majk,49,170582,Nuk dorezohna,2019,False,35,0.548,-2.837,0.834,0.774
Majk,49,170582,Broken,2023,False,22,0.0533,-25.14,0.401,0.083
Majk,49,170582,Fund,2016,False,34,0.232,-7.149,0.693,0.536
Majk,49,170582,Płomień - Remix,2023,False,50,0.893,-5.688,0.952,0.844
Majk,49,170582,Sytë mu kanë qorru,2020,False,33,0.763,-5.214,0.755,0.745
Majk,49,170582,3 PAKI,2023,True,55,0.707,-5.727,0.766,0.924
Majk,49,170582,Belehalok,2012,False,47,0.784,-4.206,0.639,0.773
Elgit Doda,51,49819,Merzia,2023,False,60,0.558,-4.664,0.806,0.672
Elgit Doda,51,49819,TL,2021,False,48,0.241,-8.524,0.746,0.504
Elgit Doda,51,49819,A E Din,2022,False,50,0.533,-9.989,0.442,0.56
Elgit Doda,51,49819,Ku Je,2021,False,53,0.284,-8.192,0.476,0.504
Elgit Doda,51,49819,Une Dhe Ti,2023,False,46,0.185,-10.594,0.8,0.462
Elgit Doda,51,49819,Larg - Radio Edit,2023,False,41,0.361,-8.366,0.836,0.538
Elgit Doda,51,49819,Sot,2023,False,42,0.737,-5.084,0.885,0.677
Elgit Doda,51,49819,TL2,2023,False,42,0.707,-10.168,0.774,0.683
Elgit Doda,51,49819,FL (Fatal Love),2022,False,36,0.821,-7.668,0.486,0.617
Elgit Doda,51,49819,Piloti,2022,False,34,0.603,-5.137,0.848,0.677
Elgit Doda,51,49819,Me ty pa ty,2023,False,37,0.627,-8.733,0.837,0.554
Elgit Doda,51,49819,IK,2022,False,36,0.245,-8.328,0.742,0.559
Elgit Doda,51,49819,LARG - Acoustic,2019,False,34,0.569,-15.501,0.641,0.191
Elgit Doda,51,49819,Vetem,2021,False,33,0.303,-9.206,0.675,0.412
Elgit Doda,51,49819,"A E Din, Ku Je, TL (Acoustic Version)",2022,False,34,0.475,-8.952,0.497,0.522
Elgit Doda,51,49819,Picasso,2022,False,31,0.42,-6.395,0.871,0.698
Elgit Doda,51,49819,Picasso,2022,False,28,0.42,-6.395,0.871,0.698
Elgit Doda,51,49819,Nuk Muj,2022,False,32,0.551,-10.065,0.691,0.57
Elgit Doda,51,49819,Nuk Jam Si Ti,2019,False,22,0.58,-8.363,0.66,0.521
Elgit Doda,51,49819,Mora Fjale,2022,False,27,0,0,0,0
Elgit Doda,51,49819,Thare,2021,False,28,0.0418,-7.029,0.507,0.607
Elgit Doda,51,49819,Asaj,2017,False,20,0.892,-8.907,0.833,0.617
Elgit Doda,51,49819,A MA FAL,2018,False,24,0.168,-7.59,0.701,0.716
Elgit Doda,51,49819,Runaway - Instrumental,2020,False,19,0.0994,-19.962,0.267,0.063
Elgit Doda,51,49819,Ajo Iku,2017,False,14,0.962,-6.754,0.878,0.599
Elgit Doda,51,49819,Dhurate prej saj,2019,False,18,0.465,-10.671,0.523,0.567
Elgit Doda,51,49819,Nuk ke faj,2018,False,16,0.826,-5.78,0.746,0.861
Elgit Doda,51,49819,Ka Miq Si Ti,2020,False,16,0.843,-6.713,0.921,0.714
Elgit Doda,51,49819,Dikush Te Do,2015,False,14,0.424,-9.758,0.699,0.418
Elgit Doda,51,49819,Ajer,2016,False,13,0.522,-20.176,0.52,0.305
Melinda Ademi,49,154885,Mos ma prish,2023,False,64,0.901,-5.664,0.913,0.666
Melinda Ademi,49,154885,Melodia,2021,False,54,0.423,-7.17,0.567,0.739
Melinda Ademi,49,154885,A mke dasht,2022,False,51,0.573,-5.702,0.88,0.688
Melinda Ademi,49,154885,MERE,2023,False,49,0.357,-8.493,0.479,0.466
Melinda Ademi,49,154885,Tornado,2023,False,48,0.639,-7.057,0.876,0.622
Melinda Ademi,49,154885,Mekatare,2020,True,45,0.678,-12.317,0.858,0.575
Melinda Ademi,49,154885,FLASIN,2022,False,41,0.752,-3.782,0.739,0.848
Melinda Ademi,49,154885,Pika Pika,2019,False,41,0.584,-5.413,0.887,0.707
Melinda Ademi,49,154885,Ay Caramba,2021,True,39,0.758,-5.612,0.874,0.702
Melinda Ademi,49,154885,Mafioza,2023,False,38,0.789,-5.999,0.72,0.802
Melinda Ademi,49,154885,Çifteli,2019,False,35,0.161,-4.691,0.8,0.82
Melinda Ademi,49,154885,All Night,2022,False,33,0.727,-7.454,0.763,0.66
Melinda Ademi,49,154885,Karma,2019,False,33,0.419,-9.714,0.798,0.59
Melinda Ademi,49,154885,24 Bars,2020,False,34,0.639,-6.608,0.904,0.659
Melinda Ademi,49,154885,Lulija,2018,False,31,0.263,-3.457,0.698,0.636
Melinda Ademi,49,154885,Nashta,2020,False,31,0.726,-6.247,0.772,0.716
Melinda Ademi,49,154885,A Po Don Pak,2019,False,28,0.468,-5.899,0.848,0.768
Melinda Ademi,49,154885,Qa din ti,2021,True,27,0.266,-5.86,0.647,0.589
Melinda Ademi,49,154885,Palo,2018,False,26,0.508,-3.734,0.751,0.774
Melinda Ademi,49,154885,Ami,2019,False,21,0.147,-5.853,0.7,0.624
Melinda Ademi,49,154885,Purr,2015,False,17,0.768,-7.239,0.651,0.724
Capital T,49,218346,Safe And Sound,2013,False,86,0.766,-4.852,0.655,0.819
Capital T,49,218346,Kangaroo Court,2013,False,66,0.975,-5.079,0.76,0.579
Capital T,49,218346,Safe And Sound,2013,False,55,0.816,-4.834,0.649,0.807
Capital T,49,218346,Live for the Drop,2015,False,46,0.472,-3.543,0.621,0.928
Capital T,49,218346,Free The Robots,2012,True,46,0.59,-8.493,0.412,0.849
Capital T,49,218346,Don't Wanna Wake Up,2017,False,47,0.338,-4.27,0.662,0.843
Capital T,49,218346,One Minute More,2013,False,53,0.377,-4.48,0.606,0.857
Capital T,49,218346,Farrah Fawcett Hair,2013,False,45,0.645,-5.029,0.701,0.746
Capital T,49,218346,Side of Town,2020,True,36,0.954,-7.071,0.634,0.757
Capital T,49,218346,Don't Cling To Life,2019,False,47,0.399,-4.711,0.308,0.892
Capital T,49,218346,In the Wild,2015,False,39,0.35,-5.898,0.58,0.898
Capital T,49,218346,Lady Sings the Blues,2020,False,36,0.0393,-18.255,0.417,0.191
Capital T,49,218346,Let The Little Lady Talk,2008,False,36,0.855,-6.164,0.589,0.616
Capital T,49,218346,"I Sold My Bed, But Not My Stereo",2013,False,48,0.956,-5.618,0.688,0.808
Capital T,49,218346,This Is Not a Test (Capital Kings Remix) [feat. Tobymac],2015,False,41,0.593,-5.48,0.671,0.829
Capital T,49,218346,Outrage,2008,False,40,0.619,-4.881,0.478,0.855
Capital T,49,218346,Habibi,2022,False,50,0.687,-2.907,0.857,0.78
Capital T,49,218346,Patience Gets Us Nowhere Fast,2013,False,47,0.842,-5.731,0.677,0.8
Capital T,49,218346,Chartreuse,2013,False,45,0.831,-5.816,0.682,0.699
Capital T,49,218346,I Can't Quit (feat. Reconcile),2016,False,40,0.365,-3.129,0.665,0.974
Capital T,49,218346,Clear The Air,2022,True,34,0.52,-12.905,0.557,0.433
Capital T,49,218346,Origami,2013,False,43,0.88,-4.501,0.788,0.594
Capital T,49,218346,Legendary,2023,False,51,0.752,-4.677,0.842,0.81
Capital T,49,218346,Malli Mka Marr,2023,False,47,0.373,-4.63,0.806,0.796
Capital T,49,218346,Yjet Dalin Naten,2023,True,47,0.659,-5.149,0.849,0.873
Capital T,49,218346,Carol of the Bells,2012,False,30,0.576,-7.615,0.63,0.616
Capital T,49,218346,O Praise the Name (Anastasis) [Live],2018,False,37,0.0879,-8.042,0.335,0.46
Capital T,49,218346,Born to Love (feat. Britt Nicole),2013,False,35,0.273,-3.382,0.53,0.949
Capital T,49,218346,Propaganda,2024,False,49,0.477,-6.958,0.786,0.637
Capital T,49,218346,Dirty Move,2023,False,49,0.531,-3.748,0.765,0.669
Rina,48,58430,XS,2020,False,61,0.59,-3.256,0.635,0.929
Rina,48,58430,Comme Des Garçons (Like The Boys),2020,True,62,0.645,-3.776,0.724,0.715
Rina,48,58430,Frankenstein,2022,False,59,0.51,-4.095,0.51,0.833
Rina,48,58430,This Hell,2022,True,58,0.472,-3.709,0.629,0.85
Rina,48,58430,Cherry,2018,False,54,0.629,-3.463,0.576,0.79
Rina,48,58430,STFU!,2020,True,53,0.489,-1.88,0.493,0.93
Rina,48,58430,Imagining (feat. Amaarae),2023,True,56,0.499,-2.764,0.639,0.965
Rina,48,58430,Imagining,2022,True,52,0.463,-4.726,0.642,0.934
Rina,48,58430,This Hell,2022,True,53,0.472,-3.709,0.628,0.85
Rina,48,58430,Hold The Girl,2022,False,52,0.169,-3.617,0.522,0.84
Rina,48,58430,Eye For An Eye (Single from John Wick: Chapter 4 Original Motion Picture Soundtrack),2023,False,54,0.633,-5.271,0.558,0.839
Rina,48,58430,LUCID,2020,False,51,0.514,-2.848,0.675,0.885
Rina,48,58430,Tokyo Love Hotel,2020,False,50,0.391,-2.388,0.499,0.952
Rina,48,58430,10-20-40,2017,False,49,0.673,-4.084,0.573,0.901
Rina,48,58430,Minor Feelings,2022,False,50,0.142,-8.805,0.305,0.4
Rina,48,58430,Flavour Of The Month,2023,True,49,0.735,-5.326,0.676,0.939
Rina,48,58430,Bad Friend,2020,True,49,0.454,-4.426,0.549,0.72
Rina,48,58430,Your Age,2022,True,49,0.508,-4.199,0.516,0.773
Rina,48,58430,Cyber Stockholm Syndrome,2017,True,47,0.259,-5.642,0.527,0.672
Rina,48,58430,Dynasty,2020,False,48,0.199,-1.08,0.249,0.891
Rina,48,58430,Akasaka Sad,2020,False,47,0.477,-4.097,0.666,0.912
Rina,48,58430,Who's Gonna Save U Now?,2020,False,46,0.321,-1.442,0.452,0.969
Rina,48,58430,Holy (Til You Let Me Go),2022,False,46,0.294,-5.312,0.505,0.943
Rina,48,58430,Catch Me In The Air,2022,False,46,0.202,-3.915,0.518,0.792
Rina,48,58430,Love Me 4 Me,2020,False,45,0.403,-4.181,0.503,0.842
Rina,48,58430,Love It If We Made It,2020,True,43,0.285,-4.976,0.563,0.636
Rina,48,58430,Paradisin',2020,True,44,0.61,-2.816,0.59,0.749
Rina,48,58430,LUCID,2020,False,45,0.412,-2.836,0.672,0.895
Rina,48,58430,Gigi,2018,False,56,0.559,-5.157,0.417,0.816
Rina,48,58430,XS - Bree Runway Remix,2020,False,43,0.735,-2.859,0.629,0.932
Kidda,49,93964,Low,2022,False,57,0.882,-7.384,0.728,0.713
Kidda,49,93964,Malli,2020,False,59,0.178,-4.815,0.57,0.642
Kidda,49,93964,JUMANJI,2022,False,51,0.361,-8.946,0.58,0.449
Kidda,49,93964,A M'foli Mu,2017,False,49,0.292,-8.632,0.724,0.634
Kidda,49,93964,Magji,2021,False,44,0.473,-6.513,0.607,0.663
Kidda,49,93964,Loca,2020,False,48,0.785,-8.12,0.806,0.63
Kidda,49,93964,My Money,2018,False,47,0.59,-5.434,0.483,0.739
Kidda,49,93964,Cataleya,2020,False,46,0.569,-7.932,0.653,0.634
Kidda,49,93964,Coco,2019,True,43,0.453,-3.162,0.59,0.855
Kidda,49,93964,Bella,2019,False,43,0.519,-9.594,0.792,0.577
Kidda,49,93964,Jump on It,2019,True,43,0.424,-7.051,0.45,0.671
Kidda,49,93964,Federal Reserve,2023,True,23,0.648,-9.227,0.844,0.594
Kidda,49,93964,Zemra Ime,2019,False,40,0.919,-3.998,0.826,0.663
Kidda,49,93964,Amelia,2022,False,39,0.496,-6.37,0.581,0.61
Kidda,49,93964,040/DUKAT,2021,False,41,0.383,-6.446,0.51,0.752
Kidda,49,93964,Naruto,2020,True,18,0.266,-9.254,0.684,0.599
Kidda,49,93964,Flake,2018,True,37,0.482,-5.832,0.81,0.548
Kidda,49,93964,PALE (feat. Dardan),2021,False,41,0.897,-5.781,0.513,0.756
Kidda,49,93964,Exotic,2023,True,26,0.438,-8.482,0.859,0.524
Kidda,49,93964,Habibti,2022,False,35,0.521,-8.029,0.416,0.619
Kidda,49,93964,Vulnerable,2019,True,16,0.18,-13.677,0.791,0.422
Kidda,49,93964,Komedi,2018,False,34,0.342,-7.551,0.764,0.619
Kidda,49,93964,Sa Ke Ti,2018,False,35,0.504,-4.959,0.673,0.635
Kidda,49,93964,I'llMissMiku! (Forgive & Forget),2020,True,13,0.411,-7.196,0.655,0.579
Kidda,49,93964,Qa Po Thu,2020,True,33,0.535,-8.482,0.795,0.668
Kidda,49,93964,Bye Bye,2018,True,32,0.534,-9.654,0.777,0.642
Kidda,49,93964,Indigo (DayOff),2024,False,7,0.653,-7.302,0.772,0.754
Kidda,49,93964,Like Dat,2017,True,30,0.274,-5.792,0.659,0.533
Kidda,49,93964,Mega,2019,False,29,0.589,-4.311,0.644,0.873
Kidda,49,93964,Right Here,2016,False,26,0.622,-7.912,0.664,0.722
Alban Skenderaj,47,87327,Obsesion,2023,False,56,0.638,-10.696,0.738,0.377
Alban Skenderaj,47,87327,E PARA / I PARI,2023,False,55,0.718,-4.714,0.706,0.678
Alban Skenderaj,47,87327,Ja ku jam,2023,False,45,0.537,-6.552,0.376,0.77
Alban Skenderaj,47,87327,Duamë,2019,False,41,0.577,-4.063,0.861,0.592
Alban Skenderaj,47,87327,Parajsa ime,2020,False,42,0.932,-5.316,0.844,0.733
Alban Skenderaj,47,87327,Iluzion,2023,False,44,0.786,-6.533,0.78,0.729
Alban Skenderaj,47,87327,Ki meshire,2020,False,42,0.753,-4.73,0.741,0.66
Alban Skenderaj,47,87327,Sikur ta dija,2023,False,43,0.51,-8.943,0.823,0.323
Alban Skenderaj,47,87327,Obsesion (Happy version),2023,False,39,0.967,-4.618,0.83,0.75
Alban Skenderaj,47,87327,Ndalma,2022,False,39,0.616,-4.662,0.77,0.75
Alban Skenderaj,47,87327,Zemer permbi Zemer,2021,False,35,0.839,-4.225,0.714,0.713
Alban Skenderaj,47,87327,24 Ore,2014,False,36,0.711,-5.09,0.792,0.731
Alban Skenderaj,47,87327,Zjarr ne shpirt,2021,False,36,0.73,-6.932,0.841,0.384
Alban Skenderaj,47,87327,AMA,2023,False,36,0.671,-3.743,0.579,0.696
Alban Skenderaj,47,87327,Parajsa ime 2,2021,False,35,0.697,-4.063,0.753,0.73
Alban Skenderaj,47,87327,Spektatore,2022,False,36,0.563,-5.836,0.709,0.6
Alban Skenderaj,47,87327,Mbretër pa kurorë,2022,False,35,0.725,-5.479,0.783,0.555
Alban Skenderaj,47,87327,FESTOJ,2023,False,36,0.569,-5.073,0.628,0.818
Alban Skenderaj,47,87327,Duart Lart,2017,False,32,0.463,-5.347,0.763,0.729
Alban Skenderaj,47,87327,Drejt ne zemer,2019,False,34,0.755,-1.936,0.75,0.811
Alban Skenderaj,47,87327,Faleminderit,2019,False,33,0.519,-6.151,0.684,0.619
Alban Skenderaj,47,87327,Dalëngadalë,2022,False,33,0.46,-4.762,0.708,0.741
Alban Skenderaj,47,87327,Une dhe Ti,2017,False,35,0.301,-7.719,0.481,0.552
Alban Skenderaj,47,87327,Stoli i Trendafilave,2017,False,33,0.701,-6.578,0.859,0.548
Alban Skenderaj,47,87327,Lea,2018,False,34,0.468,-6.707,0.806,0.753
Alban Skenderaj,47,87327,Vetem Ty,2013,False,33,0.256,-14.955,0.627,0.253
Alban Skenderaj,47,87327,Isabel,2022,False,32,0.81,-5.595,0.858,0.619
Alban Skenderaj,47,87327,Ndalma,2022,False,36,0.754,-4.579,0.795,0.697
Alban Skenderaj,47,87327,JETE,2019,False,33,0.765,-8.161,0.753,0.276
Alban Skenderaj,47,87327,Jolie,2021,False,33,0.634,-5.48,0.747,0.625
Buta,47,128407,Terapi,2023,True,53,0.809,-13.754,0.867,0.387
Buta,47,128407,Doughboy,2023,True,44,0.272,-8.693,0.848,0.571
Buta,47,128407,Gin & Tonic,2022,True,45,0.237,-11.97,0.703,0.412
Buta,47,128407,Nelly Kelly,2023,True,45,0.915,-6.389,0.756,0.847
Buta,47,128407,My Bitch,2018,True,43,0.567,-7.94,0.799,0.569
Buta,47,128407,Faleminderit,2023,True,37,0.615,-12.909,0.875,0.505
Buta,47,128407,Pse Ke Ardh Ktu,2018,True,39,0.22,-8.78,0.708,0.608
Buta,47,128407,Nokia,2023,True,38,0.623,-9.971,0.576,0.474
Buta,47,128407,Pull Up,2023,True,37,0.667,-13.119,0.823,0.388
Buta,47,128407,24/7,2019,False,37,0.178,-7.725,0.932,0.481
Buta,47,128407,Testom,2020,True,39,0.539,-5.791,0.914,0.388
Buta,47,128407,Jeta,2018,True,34,0.595,-6.095,0.711,0.701
Buta,47,128407,Veq Pak,2023,True,34,0.668,-10.913,0.86,0.421
Buta,47,128407,Telebingo,2021,True,37,0.335,-6.219,0.84,0.38
Buta,47,128407,Tjeter,2023,True,36,0.633,-10.402,0.88,0.511
Buta,47,128407,囲い無き世は一期の月影,2010,False,33,0.541,-2.26,0.439,0.925
Buta,47,128407,Pare T'reja,2018,True,35,0.299,-6.66,0.77,0.641
Buta,47,128407,RICH,2022,True,36,0.612,-7.299,0.871,0.467
Buta,47,128407,Pa Arsye,2018,True,35,0.126,-11.484,0.815,0.344
Buta,47,128407,幻想のサテライト,2010,False,35,0.46,-4.33,0.668,0.937
Buta,47,128407,Posht Nalt,2021,True,36,0.432,-8.807,0.911,0.602
Buta,47,128407,Z Ndjenja,2016,True,33,0.368,-8.541,0.768,0.499
Buta,47,128407,Pauza,2021,True,35,0.521,-9.844,0.771,0.378
Buta,47,128407,髑髏,2017,False,28,0.634,-4.222,0.412,0.902
Buta,47,128407,Rrjeti,2021,True,33,0.368,-9.485,0.914,0.455
Buta,47,128407,Ok Ok,2018,True,33,0.87,-8.325,0.803,0.704
Buta,47,128407,Kur M'sheh,2020,True,34,0.491,-8.711,0.831,0.493
Buta,47,128407,Anderr / Pluto,2018,True,32,0.214,-10.962,0.561,0.374
Buta,47,128407,Hashish Thaqi,2016,True,33,0.441,-12.261,0.909,0.408
Buta,47,128407,ナイト・オブ・ナイツ 豚乙女ver.,2018,False,37,0.436,-2.959,0.472,0.954
Xhensila,46,37552,Edhe Një Natë,2022,False,51,0.841,-6.738,0.915,0.715
Xhensila,46,37552,Ti Fala,2023,False,46,0.718,-3.256,0.759,0.825
Xhensila,46,37552,Me Do,2022,False,46,0.782,-8.634,0.712,0.708
Xhensila,46,37552,Celsi I Zemres,2019,False,40,0.608,-5.804,0.583,0.684
Xhensila,46,37552,Paris,2019,False,34,0.841,-5.607,0.751,0.876
Xhensila,46,37552,Zemer e Helmuar,2024,False,33,0.672,-5.928,0.666,0.706
Xhensila,46,37552,Vespa,2019,False,28,0.814,-8.334,0.649,0.673
Xhensila,46,37552,Ale Ale,2022,False,33,0.524,-5.652,0.776,0.883
Xhensila,46,37552,Pina Pina,2023,False,31,0.91,-4.487,0.854,0.777
Xhensila,46,37552,Sekreti Im,2019,False,26,0.136,-3.004,0.372,0.72
Xhensila,46,37552,Ring The Alarm,2019,False,28,0.915,-4.658,0.685,0.697
Xhensila,46,37552,Engjelli Im,2019,False,24,0.56,-8.414,0.761,0.657
Xhensila,46,37552,Si Te Jem Mire,2017,False,25,0.87,-6.368,0.649,0.797
Xhensila,46,37552,Da Da Da,2019,False,21,0.571,-7.07,0.879,0.638
Xhensila,46,37552,High Love,2019,False,24,0.884,-9.599,0.846,0.581
Xhensila,46,37552,Liar,2019,False,17,0.798,-5.442,0.739,0.844
Xhensila,46,37552,Me Ty Jam,2022,False,14,0.23,-11.227,0.556,0.452
Xhensila,46,37552,Edhe nje here,2019,False,15,0.945,-7.062,0.535,0.942
Xhensila,46,37552,Paris,2022,False,12,0.69,-12.221,0.792,0.524
Xhensila,46,37552,Engjelli Im,2022,False,12,0.257,-13.499,0.628,0.381
Xhensila,46,37552,Cika Cika,2022,False,13,0.784,-11.983,0.809,0.541
Xhensila,46,37552,Uh Baby,2022,False,13,0.69,-12.685,0.77,0.533
Xhensila,46,37552,A E Din,2022,False,16,0.391,-14.093,0.467,0.375
Xhensila,46,37552,Celsi I Zemres,2022,False,13,0.759,-12.861,0.679,0.361
Xhensila,46,37552,Sekreti Im,2022,False,11,0.297,-14.884,0.389,0.223
Xhensila,46,37552,Panorama,2022,False,12,0.922,-12.315,0.835,0.51
Xhensila,46,37552,Dashuri e vertete,2014,False,0,0.709,-5.272,0.685,0.731
Solo,43,54576,Cry to Me,1964,False,73,0.912,-9.849,0.733,0.624
Solo,43,54576,Fake Friends,2021,True,59,0.491,-14.297,0.573,0.45
Solo,43,54576,The Way Home,2023,False,68,0.196,-24.416,0.532,0.0378
Solo,43,54576,Healing Waves,2021,False,63,0.04,-34.037,0.0731,0.00543
Solo,43,54576,Og,2023,False,58,0.738,-6.579,0.746,0.965
Solo,43,54576,listen up - Radio Edit,2022,False,61,0.712,-6.669,0.773,0.563
Solo,43,54576,DINOSAUR,2023,True,53,0.403,-8.299,0.844,0.572
Solo,43,54576,Wallflower,2023,False,61,0.173,-16.639,0.557,0.151
Solo,43,54576,sore loser - Acoustic,2023,False,56,0.67,-13.605,0.802,0.209
Solo,43,54576,Beloved Dance,2024,False,60,0.195,-19.188,0.433,0.171
Solo,43,54576,Into The Fog,2022,False,55,0.101,-13.785,0.573,0.14
Solo,43,54576,unrequited,2023,False,56,0.782,-8.167,0.896,0.502
Solo,43,54576,Beautiful Friendship,2023,False,52,0.093,-27.847,0.454,0.018
Solo,43,54576,Onda Do Mar,2023,False,54,0.503,-8.501,0.723,0.445
Solo,43,54576,HAPPY EVER AFTER,2023,False,49,0.453,-10.166,0.749,0.515
Solo,43,54576,Moonlight Juice,2023,False,51,0.162,-15.098,0.602,0.219
Solo,43,54576,I'M SOLO,2023,False,48,0.411,-11.742,0.702,0.402
Solo,43,54576,Lovers,2022,False,49,0.191,-25.685,0.354,0.0219
Solo,43,54576,listen up - Acoustic,2022,False,52,0.578,-14.508,0.727,0.256
Solo,43,54576,my dear,2022,True,52,0.712,-12.354,0.677,0.359
Solo,43,54576,Where Do U Want Me To Put It,1995,False,38,0.779,-5.87,0.782,0.759
Solo,43,54576,black like you,2023,False,52,0.511,-8.903,0.74,0.394
Solo,43,54576,Cry to Me,1998,False,61,0.912,-9.849,0.733,0.624
Solo,43,54576,Home,2021,False,58,0.258,-11.453,0.679,0.707
Solo,43,54576,Affair with the Moon,2023,False,48,0.267,-8.955,0.447,0.202
Solo,43,54576,Even After,2022,False,48,0.344,-14.266,0.539,0.142
Solo,43,54576,Heaven,1995,False,37,0.743,-6.767,0.759,0.551
Solo,43,54576,Hummingbird,2023,False,49,0.156,-32.511,0.446,0.00526
Solo,43,54576,Cry to Me,2012,False,53,0.912,-9.849,0.733,0.624
Solo,43,54576,dehydrate,2023,False,49,0.72,-5.807,0.749,0.632
Alketa,46,8722,Vallja Rugoves,2023,False,52,0.714,-4.504,0.613,0.808
Alketa,46,8722,DASHNI,2022,False,49,0.776,-6.476,0.666,0.536
Alketa,46,8722,ZEMRA PO MA LYP,2023,False,42,0.885,-5.846,0.766,0.715
Alketa,46,8722,A SU LODHE,2021,False,33,0.553,-7.167,0.674,0.496
Alketa,46,8722,Ku Gabova,2023,False,37,0.398,-6.272,0.654,0.513
Alketa,46,8722,Kur Ike,2022,False,31,0.673,-6.137,0.462,0.572
Alketa,46,8722,Po S'me Puthe Ti - DJ Benito Remix,2021,False,10,0.649,-2.972,0.611,0.826
Alketa,46,8722,Tharo,2021,False,0,0.571,-8.191,0.641,0.542
Alketa,46,8722,Vuje (Acoustic),2023,False,0,0.463,-17.943,0.63,0.0944
Alketa,46,8722,Bum cu rrezova,2020,False,1,0.628,-6.871,0.879,0.803
Lumi B,45,100380,Where The Skies Are Blue,2016,False,67,0.552,-6.577,0.569,0.477
Lumi B,45,100380,ON DAT BXTCH!,2023,True,71,0.561,-6.435,0.621,0.904
Lumi B,45,100380,WHERE WE ARE,2022,False,64,0.363,-8.084,0.573,0.507
Lumi B,45,100380,BRIGHTSIDE,2022,False,58,0.555,-7.01,0.549,0.715
Lumi B,45,100380,A.M. RADIO,2022,False,62,0.483,-6.402,0.469,0.562
Lumi B,45,100380,"SHE IS CRAZY, BUT I <3 HER!",2022,True,63,0.802,-5.331,0.209,0.973
Lumi B,45,100380,BIG SHOT,2022,False,52,0.225,-7.03,0.626,0.35
Lumi B,45,100380,Charlie Boy,2012,False,54,0.276,-13.253,0.414,0.187
Lumi B,45,100380,Big Parade,2012,False,53,0.645,-13.051,0.814,0.634
Lumi B,45,100380,BRIGHTSIDE,2021,False,51,0.555,-7.01,0.549,0.715
Lumi B,45,100380,LUV A BAE BAE!,2023,True,56,0.594,-5.032,0.704,0.937
Lumi B,45,100380,ON DAT BXTCH! - Slowed,2023,True,59,0.421,-6.408,0.651,0.892
Lumi B,45,100380,REPRISE,2022,False,53,0.27,-6.564,0.6,0.512
Lumi B,45,100380,It Wasn't Easy To Be Happy For You,2019,False,53,0.379,-5.321,0.765,0.373
Lumi B,45,100380,just like heaven,2022,False,54,0.158,-11.079,0.336,0.229
Lumi B,45,100380,Bella III,2024,True,49,0.625,-3.674,0.628,0.82
Lumi B,45,100380,NEVER REALLY MINE,2022,False,52,0.684,-4.507,0.346,0.744
Lumi B,45,100380,Blue Christmas,2016,False,48,0.273,-8.311,0.66,0.22
Lumi B,45,100380,BIRTHDAY,2022,False,46,0.524,-6.572,0.556,0.608
Lumi B,45,100380,This Must Be The Place (Naïve Melody),2013,False,51,0.377,-12.416,0.636,0.22
Lumi B,45,100380,ON DAT BXTCH! - Sped Up,2023,True,56,0.554,-6.352,0.591,0.896
Lumi B,45,100380,Boots Of Spanish Leather,2016,False,46,0.266,-16.532,0.61,0.0256
Lumi B,45,100380,Subterranean Homesick Blues (feat. Andrew Bird),2017,False,50,0.678,-5.793,0.572,0.695
Lumi B,45,100380,"Never Leave You (Uh Oooh, Uh Oooh) - Uh Oooh Remix",2003,False,57,0.805,-7.148,0.573,0.662
Lumi B,45,100380,ROLLERCOASTER,2022,False,46,0.22,-12.188,0.403,0.186
Lumi B,45,100380,REMINGTON,2022,False,45,0.341,-12.048,0.637,0.162
Lumi B,45,100380,Ele Te Bota Bota,2023,False,52,0.946,-4.217,0.866,0.961
Lumi B,45,100380,a little sound,2022,False,45,0.0876,-12.543,0.598,0.107
Lumi B,45,100380,Christmas (Baby Please Come Home) - Recorded at Electric Lady Studios in NYC,2019,False,45,0.323,-8.228,0.921,0.145
Lumi B,45,100380,Big Parade,2013,False,37,0.654,-13.075,0.813,0.635
Ermal Fejzullahu,45,97175,Tavolina,2014,False,45,0.685,-3.631,0.842,0.725
Ermal Fejzullahu,45,97175,Sa t'kom dasht,2021,True,39,0.956,-8.838,0.765,0.637
Ermal Fejzullahu,45,97175,Digje Sonte,2012,False,38,0.935,-3.378,0.801,0.784
Ermal Fejzullahu,45,97175,As 1 Minut,2021,False,35,0.659,-6.01,0.668,0.733
Ermal Fejzullahu,45,97175,E shkuar e harruar,2013,False,36,0.821,-4.567,0.777,0.853
Ermal Fejzullahu,45,97175,Emocion,2014,True,35,0.964,-9.127,0.749,0.661
Ermal Fejzullahu,45,97175,Hajmali,2016,True,31,0.606,-6.704,0.773,0.757
Ermal Fejzullahu,45,97175,M'ke Harru,2019,False,29,0.776,-6.627,0.798,0.677
Ermal Fejzullahu,45,97175,Fshatarja Ime,2018,False,25,0.576,-5.771,0.739,0.709
Ermal Fejzullahu,45,97175,Ku I Kam Shokët E Mi,2018,False,28,0.683,-6.278,0.551,0.646
Ermal Fejzullahu,45,97175,Ske qene kismeti im,2014,False,29,0.523,-3.352,0.594,0.654
Ermal Fejzullahu,45,97175,Kthehu,2018,False,22,0.561,-9.036,0.747,0.689
Ermal Fejzullahu,45,97175,Një Buzëqeshje,2018,False,20,0.485,-7.857,0.635,0.725
Ermal Fejzullahu,45,97175,Të Kujtoj Me Mall,2018,False,17,0.892,-8.323,0.775,0.811
Ermal Fejzullahu,45,97175,Vetëm Një Natë,2018,False,22,0.929,-5.655,0.817,0.872
Ermal Fejzullahu,45,97175,Per Nje Dashuri,2023,False,19,0.318,-9.047,0.7,0.534
Ermal Fejzullahu,45,97175,Qika E Prishtinës,2018,False,17,0.652,-8.843,0.781,0.908
Ermal Fejzullahu,45,97175,Ai Nuk Ka Me T'dasht Si Une,2016,False,23,0.365,-5.985,0.698,0.536
Ermal Fejzullahu,45,97175,Shtatë Ditë,2023,False,20,0.383,-9.286,0.622,0.489
Ermal Fejzullahu,45,97175,Shtat Ditë,2018,False,24,0.366,-6.692,0.638,0.58
Ermal Fejzullahu,45,97175,Hakikat,2018,False,16,0.847,-6.7,0.643,0.753
Ermal Fejzullahu,45,97175,Ku je dashni,2015,False,21,0.286,-5.735,0.513,0.518
Ermal Fejzullahu,45,97175,Te fala ke dhenga une,2013,False,20,0.62,-6.253,0.535,0.673
Ermal Fejzullahu,45,97175,Dardh Me Bisht,2018,False,14,0.832,-4.923,0.767,0.982
Ermal Fejzullahu,45,97175,Shtat Ditë,2018,False,15,0.604,-5.258,0.623,0.663
Ermal Fejzullahu,45,97175,Falma Zemren,2015,False,14,0.737,-8.424,0.836,0.638
Ermal Fejzullahu,45,97175,Goce Tirane,2023,False,6,0.6,-5.162,0.629,0.666
Ermal Fejzullahu,45,97175,Pa Mua,2016,False,18,0.535,-2.331,0.516,0.851
Ermal Fejzullahu,45,97175,Zemrushe,2018,False,17,0.683,-9.87,0.747,0.583
Ermal Fejzullahu,45,97175,Diferenca,2018,False,10,0.861,-6.2,0.803,0.801
YA NINA,45,7755,"海になれたら (From ""Ocean Waves"") - Piano",2023,False,52,0.0929,-30.544,0.402,0.0178
YA NINA,45,7755,Sugar,2021,False,54,0.41,-5.289,0.806,0.718
YA NINA,45,7755,Narco,2023,False,54,0.768,-3.449,0.619,0.855
YA NINA,45,7755,KOKAINA,2024,False,53,0.545,-5.418,0.79,0.667
YA NINA,45,7755,ME DEF,2023,False,42,0.694,-2.604,0.683,0.855
YA NINA,45,7755,MONEY CAN'T BUY,2020,True,32,0.506,-8.735,0.892,0.402
YA NINA,45,7755,YA YA,2023,False,42,0.664,-2.501,0.79,0.865
YA NINA,45,7755,Ment e mia,2023,False,42,0.35,-3.776,0.766,0.876
YA NINA,45,7755,Weight (remix),2023,False,37,0.173,-5.116,0.724,0.727
YA NINA,45,7755,Yagua Mix: (Alma De Acero / Pum Pum Corazoncito / Razón Di Mi Vida (Mi Amante Niña) / Llueve En Mi / Como Decirte Adiós / Pero Tu Mirada / Corazón Vacío / Cuentale / Conga Y Timbal / Cumbia Francesa (Cuando Llegaste Tu)/Vida No Te Vayas,2002,False,36,0.697,-12.456,0.465,0.426
YA NINA,45,7755,DEEP END,2021,False,36,0.808,-9.411,0.941,0.517
YA NINA,45,7755,Niña,2002,False,34,0.961,-3.222,0.796,0.983
YA NINA,45,7755,Not Good Enough,2023,False,31,0.241,-6.958,0.751,0.663
YA NINA,45,7755,MONEY CAN'T BUY,2020,True,24,0.506,-8.735,0.892,0.402
YA NINA,45,7755,Bailando,2005,False,50,0.89,-5.769,0.807,0.889
YA NINA,45,7755,"GALO 22, LA NIÑA - Acoustic Version",2021,True,25,0.861,-19.822,0.412,0.192
YA NINA,45,7755,Razon De Mi Vida (Mi Amante Niña),1999,False,32,0.836,-6.734,0.754,0.532
YA NINA,45,7755,MERRI,2022,False,31,0.627,-4.518,0.776,0.752
YA NINA,45,7755,Neser,2022,False,29,0.516,-4.794,0.735,0.6
YA NINA,45,7755,Bailando (with Nina Sky),2009,False,29,0.898,-6.702,0.81,0.87
YA NINA,45,7755,影になって,2023,False,44,0.5,-6.548,0.584,0.853
YA NINA,45,7755,A po don Kiss Kiss,2022,False,28,0.541,-6.481,0.584,0.779
YA NINA,45,7755,Told ya,2021,False,25,0.561,-5.637,0.895,0.556
YA NINA,45,7755,君にふれて,2018,False,31,0.57,-2.493,0.365,0.838
YA NINA,45,7755,Should Know Better,2023,False,33,0.42,-5.374,0.722,0.866
YA NINA,45,7755,One Second,2021,True,22,0.525,-7.15,0.899,0.558
YA NINA,45,7755,Niña Prohibida,2008,False,33,0.851,-6.114,0.66,0.583
YA NINA,45,7755,For the night,2021,True,20,0.651,-5.899,0.945,0.571
YA NINA,45,7755,Spliff,2022,False,23,0.815,-4.009,0.76,0.806
YA NINA,45,7755,rise,2018,False,26,0.378,-4.357,0.383,0.644
Stresi,43,98242,Per Veti,2020,False,44,0.214,-7.895,0.69,0.673
Stresi,43,98242,COCAINA,2023,False,38,0.45,-5.914,0.75,0.706
Stresi,43,98242,Win Win,2022,False,38,0.606,-8.145,0.814,0.721
Stresi,43,98242,Shokun se Lo,2017,False,31,0.519,-7.072,0.667,0.758
Stresi,43,98242,Out of my mind,2021,False,34,0.512,-10.918,0.855,0.439
Stresi,43,98242,MAFIOZ,2022,False,33,0.386,-10.638,0.818,0.634
Stresi,43,98242,Mos U Dorzo,2017,False,32,0.711,-5.51,0.781,0.79
Stresi,43,98242,Noise,2022,False,32,0.848,-11.646,0.498,0.624
Stresi,43,98242,Shoqnia,2021,False,27,0.76,-7.888,0.799,0.686
Stresi,43,98242,Me fal,2014,False,28,0.721,-8.544,0.696,0.6
Stresi,43,98242,MAYBACH,2023,False,27,0.701,-4.263,0.485,0.905
Stresi,43,98242,SAVAGE,2022,False,29,0.662,-8.05,0.876,0.608
Stresi,43,98242,Sja Keni Iden,2023,False,26,0.647,-13.87,0.777,0.365
Stresi,43,98242,S'JAM DORZU,2021,False,26,0.511,-13.387,0.728,0.32
Stresi,43,98242,I Smoke Them,2022,True,25,0.694,-6.85,0.605,0.7
Stresi,43,98242,Loco,2020,False,25,0.876,-7.203,0.857,0.787
Stresi,43,98242,GTA,2018,False,23,0.721,-10.175,0.664,0.663
Stresi,43,98242,CoCo,2022,False,28,0.271,-6.96,0.796,0.782
Stresi,43,98242,Kush rakin je ti,2020,False,25,0.734,-4.052,0.753,0.831
Stresi,43,98242,Nobody,2023,False,26,0.126,-7.421,0.84,0.426
Stresi,43,98242,Shokun se lo 3,2020,False,24,0.615,-6.668,0.772,0.856
Stresi,43,98242,A t'ka marr Malli,2021,False,26,0.367,-10.204,0.754,0.521
Stresi,43,98242,M'ke harru,2022,False,21,0.556,-12.162,0.772,0.462
Stresi,43,98242,Te du mom,2018,False,23,0.505,-21.77,0.656,0.318
Stresi,43,98242,Po foli i fundit,2021,False,21,0.415,-5.231,0.675,0.718
Stresi,43,98242,Big Booty,2019,False,20,0.707,-6.733,0.845,0.684
Stresi,43,98242,Feel good,2021,False,24,0.339,-9.562,0.802,0.49
Stresi,43,98242,Me fal 2,2017,False,19,0.194,-5.24,0.645,0.637
Stresi,43,98242,Gang Shit,2020,False,22,0.49,-5.804,0.768,0.758
Stresi,43,98242,JO JO JO,2021,False,20,0.696,-7.217,0.752,0.641
Bes Kallaku,43,23608,Skifterja Zemres,2019,False,42,0.87,-5.25,0.845,0.809
Bes Kallaku,43,23608,Luj Luj,2023,False,41,0.903,-5.73,0.889,0.62
Bes Kallaku,43,23608,Daja,2019,False,38,0.963,-2.917,0.848,0.955
Bes Kallaku,43,23608,A Ç'Ka M'Gjeti,2022,False,36,0.782,-5.265,0.782,0.822
Bes Kallaku,43,23608,Ciao Po Te Le,2020,False,34,0.601,-4.366,0.878,0.724
Bes Kallaku,43,23608,Gezuar Baftjar,2019,False,34,0.786,-4.823,0.817,0.805
Bes Kallaku,43,23608,Cohu Kerceni,2019,False,28,0.891,-5.788,0.857,0.867
Bes Kallaku,43,23608,Rrapatushe,2023,False,26,0.92,-7.742,0.944,0.656
Bes Kallaku,43,23608,Gabova,2023,False,27,0.677,-6.851,0.84,0.724
Bes Kallaku,43,23608,O Bir,2019,False,27,0.728,-2.936,0.852,0.89
Bes Kallaku,43,23608,Qefi Qefi,2019,False,25,0.952,-5.076,0.809,0.917
Bes Kallaku,43,23608,Jena Deh,2021,False,27,0.824,-5.504,0.843,0.704
Bes Kallaku,43,23608,Rudina,2021,False,24,0.736,-6.013,0.844,0.803
Bes Kallaku,43,23608,Makarena,2019,False,20,0.747,-6.407,0.811,0.914
Bes Kallaku,43,23608,Kolazh 2022,2022,False,18,0.767,-8.853,0.554,0.729
Bes Kallaku,43,23608,Skifterat,2014,False,22,0.707,-4.53,0.838,0.77
Bes Kallaku,43,23608,Vare veten me kollare,2023,False,15,0.894,-8.134,0.64,0.748
Bes Kallaku,43,23608,Lepurushe,2022,False,16,0.971,-5.04,0.768,0.79
Bes Kallaku,43,23608,Me Temina,2021,False,22,0.63,-5.195,0.909,0.801
Bes Kallaku,43,23608,Unaza,2019,False,22,0.908,-6.258,0.816,0.774
Bes Kallaku,43,23608,Skifterat 2,2021,False,16,0.488,-6.926,0.666,0.776
Bes Kallaku,43,23608,Eminem i Katunarve,2012,False,15,0.65,-13.502,0.658,0.505
Bes Kallaku,43,23608,KTG,2020,True,8,0.743,-3.239,0.709,0.889
Bes Kallaku,43,23608,Kom Me T'thy Nmes,2013,False,4,0.51,-4.584,0.813,0.835
Bes Kallaku,43,23608,Si Mjalti,2019,False,9,0.859,-4.405,0.866,0.801
Bes Kallaku,43,23608,n'Dashni,2019,False,9,0.494,-5.687,0.867,0.844
Bes Kallaku,43,23608,Duku Duku,2019,False,9,0.666,-3.606,0.911,0.827
Bes Kallaku,43,23608,A ti bim o bish,2020,False,7,0.643,-6.719,0.831,0.688
Bes Kallaku,43,23608,S3 Amsterdam,2019,False,14,0.857,-5.237,0.796,0.768
Bes Kallaku,43,23608,Ca Mke Bo,2019,False,13,0.812,-5.553,0.881,0.791
